,confusion_matrix,dataset,elapsed,f1,holdout,pipeline,precision,recall,signal,status
0,"(None, 1, 3, 0)",SMAP,5374.99231,,True,arima,0.0,0.0,P-1,OK
1,"(None, 0, 0, 1)",SMAP,4244.081066,1.0,True,arima,1.0,1.0,S-1,OK
2,0,SMAP,0.0,0.0,True,arima,0.0,0.0,E-1,ERROR
3,0,SMAP,0.0,0.0,True,arima,0.0,0.0,E-2,ERROR
4,0,SMAP,0.0,0.0,True,arima,0.0,0.0,E-3,ERROR
5,0,SMAP,0.0,0.0,True,arima,0.0,0.0,E-4,ERROR
6,"(None, 0, 0, 1)",SMAP,5331.15652,1.0,True,arima,1.0,1.0,E-5,OK
7,"(None, 3, 0, 1)",SMAP,5451.193664,0.4,True,arima,0.25,1.0,E-6,OK
8,"(None, 1, 0, 1)",SMAP,5019.658703,0.6666666666666666,True,arima,0.5,1.0,E-7,OK
9,0,SMAP,0.0,0.0,True,arima,0.0,0.0,E-8,ERROR
10,"(None, 0, 0, 1)",SMAP,6776.746526,1.0,True,arima,1.0,1.0,E-9,OK
11,0,SMAP,0.0,0.0,True,arima,0.0,0.0,E-10,ERROR
12,0,SMAP,0.0,0.0,True,arima,0.0,0.0,E-11,ERROR
13,0,SMAP,0.0,0.0,True,arima,0.0,0.0,E-12,ERROR
14,0,SMAP,0.0,0.0,True,arima,0.0,0.0,E-13,ERROR
15,0,SMAP,0.0,0.0,True,arima,0.0,0.0,A-1,ERROR
16,"(None, 1, 0, 1)",SMAP,5969.676243,0.6666666666666666,True,arima,0.5,1.0,D-1,OK
17,"(None, 1, 0, 1)",SMAP,6311.469168,0.6666666666666666,True,arima,0.5,1.0,P-3,OK
18,0,SMAP,0.0,0.0,True,arima,0.0,0.0,D-2,ERROR
19,"(None, 5, 0, 1)",SMAP,22455.91331,0.2857142857142857,True,arima,0.16666666666666666,1.0,D-3,OK
20,0,SMAP,0.0,0.0,True,arima,0.0,0.0,D-4,ERROR
21,"(None, 2, 1, 0)",SMAP,4814.766035,,True,arima,0.0,0.0,A-2,OK
22,"(None, 0, 0, 1)",SMAP,5304.02776,1.0,True,arima,1.0,1.0,A-3,OK
23,"(None, 1, 0, 1)",SMAP,5380.734543,0.6666666666666666,True,arima,0.5,1.0,A-4,OK
24,0,SMAP,0.0,0.0,True,arima,0.0,0.0,G-1,ERROR
25,0,SMAP,0.0,0.0,True,arima,0.0,0.0,G-2,ERROR
26,"(None, 10, 0, 1)",SMAP,4948.769195,0.16666666666666669,True,arima,0.09090909090909091,1.0,D-5,OK
27,"(None, 9, 0, 1)",SMAP,5894.137192,0.18181818181818182,True,arima,0.1,1.0,D-6,OK
28,0,SMAP,0.0,0.0,True,arima,0.0,0.0,D-7,ERROR
29,"(None, 1, 1, 0)",SMAP,4900.39285,,True,arima,0.0,0.0,F-1,OK
30,0,SMAP,0.0,0.0,True,arima,0.0,0.0,P-4,ERROR
31,0,SMAP,0.0,0.0,True,arima,0.0,0.0,G-3,ERROR
32,"(None, 1, 2, 0)",SMAP,8150.025736,,True,arima,0.0,0.0,T-1,OK
33,"(None, 1, 1, 0)",SMAP,3386.916783,,True,arima,0.0,0.0,T-2,OK
34,0,SMAP,0.0,0.0,True,arima,0.0,0.0,D-8,ERROR
35,0,SMAP,0.0,0.0,True,arima,0.0,0.0,D-9,ERROR
36,"(None, 0, 0, 1)",SMAP,5560.344656,1.0,True,arima,1.0,1.0,F-2,OK
37,"(None, 1, 0, 1)",SMAP,4305.369205,0.6666666666666666,True,arima,0.5,1.0,G-4,OK
38,"(None, 3, 0, 2)",SMAP,4535.64067,0.5714285714285715,True,arima,0.4,1.0,T-3,OK
39,0,SMAP,0.0,0.0,True,arima,0.0,0.0,D-11,ERROR
40,0,SMAP,0.0,0.0,True,arima,0.0,0.0,D-12,ERROR
41,0,SMAP,0.0,0.0,True,arima,0.0,0.0,B-1,ERROR
42,"(None, 4, 0, 1)",SMAP,42818.265185,0.33333333333333337,True,arima,0.2,1.0,G-6,OK
43,0,SMAP,0.0,0.0,True,arima,0.0,0.0,G-7,ERROR
44,"(None, 0, 0, 1)",SMAP,5685.07411,1.0,True,arima,1.0,1.0,P-7,OK
45,0,SMAP,0.0,0.0,True,arima,0.0,0.0,R-1,ERROR
46,"(None, 1, 0, 1)",SMAP,1727.660526,0.6666666666666666,True,arima,0.5,1.0,A-5,OK
47,0,SMAP,0.0,0.0,True,arima,0.0,0.0,A-6,ERROR
48,"(None, 1, 0, 1)",SMAP,5573.989258,0.6666666666666666,True,arima,0.5,1.0,A-7,OK
49,0,SMAP,0.0,0.0,True,arima,0.0,0.0,D-13,ERROR
50,0,SMAP,0.0,0.0,True,arima,0.0,0.0,A-8,ERROR
51,0,SMAP,0.0,0.0,True,arima,0.0,0.0,A-9,ERROR
52,"(None, 2, 0, 1)",SMAP,37017.22334,0.5,True,arima,0.3333333333333333,1.0,F-3,OK
53,"(None, 1, 3, 0)",SMAP,131.739492,,True,lstm_dynamic_threshold,0.0,0.0,P-1,OK
54,"(None, 0, 0, 1)",SMAP,129.185913,1.0,True,lstm_dynamic_threshold,1.0,1.0,S-1,OK
55,"(None, 1, 0, 2)",SMAP,134.783901,0.8,True,lstm_dynamic_threshold,0.6666666666666666,1.0,E-1,OK
56,"(None, 0, 0, 1)",SMAP,147.799063,1.0,True,lstm_dynamic_threshold,1.0,1.0,E-2,OK
57,"(None, 0, 0, 1)",SMAP,126.987008,1.0,True,lstm_dynamic_threshold,1.0,1.0,E-3,OK
58,"(None, 1, 1, 0)",SMAP,140.446059,,True,lstm_dynamic_threshold,0.0,0.0,E-4,OK
59,"(None, 0, 0, 1)",SMAP,131.833066,1.0,True,lstm_dynamic_threshold,1.0,1.0,E-5,OK
60,"(None, 2, 0, 1)",SMAP,143.108459,0.5,True,lstm_dynamic_threshold,0.3333333333333333,1.0,E-6,OK
61,"(None, 1, 0, 1)",SMAP,156.852147,0.6666666666666666,True,lstm_dynamic_threshold,0.5,1.0,E-7,OK
62,"(None, 1, 0, 1)",SMAP,149.149662,0.6666666666666666,True,lstm_dynamic_threshold,0.5,1.0,E-8,OK
63,"(None, 0, 0, 1)",SMAP,140.798384,1.0,True,lstm_dynamic_threshold,1.0,1.0,E-9,OK
64,"(None, 0, 0, 2)",SMAP,132.708342,1.0,True,lstm_dynamic_threshold,1.0,1.0,E-10,OK
65,"(None, 1, 0, 2)",SMAP,146.05537,0.8,True,lstm_dynamic_threshold,0.6666666666666666,1.0,E-11,OK
66,"(None, 1, 1, 1)",SMAP,140.874086,0.5,True,lstm_dynamic_threshold,0.5,0.5,E-12,OK
67,"(None, 1, 2, 1)",SMAP,135.981358,0.4,True,lstm_dynamic_threshold,0.5,0.3333333333333333,E-13,OK
68,"(None, 0, 0, 1)",SMAP,114.942985,1.0,True,lstm_dynamic_threshold,1.0,1.0,A-1,OK
69,"(None, 1, 0, 1)",SMAP,132.879754,0.6666666666666666,True,lstm_dynamic_threshold,0.5,1.0,D-1,OK
70,"(None, 0, 0, 1)",SMAP,132.659815,1.0,True,lstm_dynamic_threshold,1.0,1.0,P-3,OK
71,"(None, 0, 0, 1)",SMAP,106.616502,1.0,True,lstm_dynamic_threshold,1.0,1.0,D-2,OK
72,"(None, 0, 0, 1)",SMAP,116.478719,1.0,True,lstm_dynamic_threshold,1.0,1.0,D-3,OK
73,"(None, 0, 0, 1)",SMAP,126.770349,1.0,True,lstm_dynamic_threshold,1.0,1.0,D-4,OK
74,"(None, 1, 0, 1)",SMAP,132.632034,0.6666666666666666,True,lstm_dynamic_threshold,0.5,1.0,A-2,OK
75,"(None, 1, 0, 1)",SMAP,129.333384,0.6666666666666666,True,lstm_dynamic_threshold,0.5,1.0,A-3,OK
76,"(None, 1, 0, 1)",SMAP,103.292278,0.6666666666666666,True,lstm_dynamic_threshold,0.5,1.0,A-4,OK
77,0,SMAP,0.0,0.0,True,lstm_dynamic_threshold,0.0,0.0,G-1,ERROR
78,"(None, 0, 0, 1)",SMAP,100.556033,1.0,True,lstm_dynamic_threshold,1.0,1.0,G-2,OK
79,0,SMAP,0.0,0.0,True,lstm_dynamic_threshold,0.0,0.0,D-5,ERROR
80,"(None, 0, 0, 1)",SMAP,127.581751,1.0,True,lstm_dynamic_threshold,1.0,1.0,D-6,OK
81,"(None, 0, 0, 1)",SMAP,105.908532,1.0,True,lstm_dynamic_threshold,1.0,1.0,D-7,OK
82,"(None, 1, 1, 0)",SMAP,117.845966,,True,lstm_dynamic_threshold,0.0,0.0,F-1,OK
83,"(None, 1, 0, 3)",SMAP,100.833498,0.8571428571428571,True,lstm_dynamic_threshold,0.75,1.0,P-4,OK
84,"(None, 1, 0, 1)",SMAP,111.307874,0.6666666666666666,True,lstm_dynamic_threshold,0.5,1.0,G-3,OK
85,"(None, 0, 1, 1)",SMAP,138.824146,0.6666666666666666,True,lstm_dynamic_threshold,1.0,0.5,T-1,OK
86,"(None, 1, 1, 0)",SMAP,163.410045,,True,lstm_dynamic_threshold,0.0,0.0,T-2,OK
87,"(None, 1, 0, 1)",SMAP,100.350323,0.6666666666666666,True,lstm_dynamic_threshold,0.5,1.0,D-8,OK
88,"(None, 0, 0, 1)",SMAP,98.130523,1.0,True,lstm_dynamic_threshold,1.0,1.0,D-9,OK
89,"(None, 0, 0, 1)",SMAP,140.514332,1.0,True,lstm_dynamic_threshold,1.0,1.0,F-2,OK
90,"(None, 0, 0, 1)",SMAP,129.440445,1.0,True,lstm_dynamic_threshold,1.0,1.0,G-4,OK
91,"(None, 3, 0, 2)",SMAP,139.658335,0.5714285714285715,True,lstm_dynamic_threshold,0.4,1.0,T-3,OK
92,"(None, 0, 0, 1)",SMAP,108.167953,1.0,True,lstm_dynamic_threshold,1.0,1.0,D-11,OK
93,0,SMAP,0.0,0.0,True,lstm_dynamic_threshold,0.0,0.0,D-12,ERROR
94,"(None, 0, 0, 1)",SMAP,105.301747,1.0,True,lstm_dynamic_threshold,1.0,1.0,B-1,OK
95,"(None, 0, 0, 1)",SMAP,106.971976,1.0,True,lstm_dynamic_threshold,1.0,1.0,G-6,OK
96,"(None, 0, 0, 3)",SMAP,133.13421,1.0,True,lstm_dynamic_threshold,1.0,1.0,G-7,OK
97,"(None, 1, 0, 1)",SMAP,154.336618,0.6666666666666666,True,lstm_dynamic_threshold,0.5,1.0,P-7,OK
98,"(None, 0, 0, 1)",SMAP,110.90672,1.0,True,lstm_dynamic_threshold,1.0,1.0,R-1,OK
99,0,SMAP,0.0,0.0,True,lstm_dynamic_threshold,0.0,0.0,A-5,ERROR
100,"(None, 0, 0, 1)",SMAP,73.688388,1.0,True,lstm_dynamic_threshold,1.0,1.0,A-6,OK
101,"(None, 1, 0, 1)",SMAP,142.008382,0.6666666666666666,True,lstm_dynamic_threshold,0.5,1.0,A-7,OK
102,"(None, 0, 0, 1)",SMAP,89.254481,1.0,True,lstm_dynamic_threshold,1.0,1.0,D-13,OK
103,"(None, 0, 0, 1)",SMAP,85.721916,1.0,True,lstm_dynamic_threshold,1.0,1.0,A-8,OK
104,0,SMAP,0.0,0.0,True,lstm_dynamic_threshold,0.0,0.0,A-9,ERROR
105,0,SMAP,0.0,0.0,True,lstm_dynamic_threshold,0.0,0.0,F-3,ERROR
106,0,MSL,0.0,0.0,True,arima,0.0,0.0,M-6,ERROR
107,0,MSL,0.0,0.0,True,arima,0.0,0.0,M-1,ERROR
108,0,MSL,0.0,0.0,True,arima,0.0,0.0,M-2,ERROR
109,0,MSL,0.0,0.0,True,arima,0.0,0.0,S-2,ERROR
110,"(None, 0, 0, 1)",MSL,5809.764774,1.0,True,arima,1.0,1.0,P-10,OK
111,"(None, 1, 0, 1)",MSL,1560.428193,0.6666666666666666,True,arima,0.5,1.0,T-4,OK
112,0,MSL,0.0,0.0,True,arima,0.0,0.0,T-5,ERROR
113,"(None, 1, 3, 0)",MSL,3269.092317,,True,arima,0.0,0.0,F-7,OK
114,0,MSL,0.0,0.0,True,arima,0.0,0.0,M-3,ERROR
115,0,MSL,0.0,0.0,True,arima,0.0,0.0,M-4,ERROR
116,0,MSL,0.0,0.0,True,arima,0.0,0.0,M-5,ERROR
117,"(None, 0, 0, 1)",MSL,3723.484631,1.0,True,arima,1.0,1.0,P-15,OK
118,"(None, 0, 1, 1)",MSL,2631.606859,0.6666666666666666,True,arima,1.0,0.5,C-1,OK
119,0,MSL,0.0,0.0,True,arima,0.0,0.0,C-2,ERROR
120,"(None, 3, 0, 1)",MSL,6556.711141,0.4,True,arima,0.25,1.0,T-12,OK
121,"(None, 3, 0, 2)",MSL,10636.646273,0.5714285714285715,True,arima,0.4,1.0,T-13,OK
122,"(None, 2, 1, 0)",MSL,2795.297524,,True,arima,0.0,0.0,F-4,OK
123,"(None, 6, 0, 1)",MSL,5158.014985,0.25,True,arima,0.14285714285714285,1.0,F-5,OK
124,0,MSL,0.0,0.0,True,arima,0.0,0.0,D-14,ERROR
125,0,MSL,0.0,0.0,True,arima,0.0,0.0,T-9,ERROR
126,"(None, 0, 0, 1)",MSL,4840.306333,1.0,True,arima,1.0,1.0,P-14,OK
127,0,MSL,0.0,0.0,True,arima,0.0,0.0,T-8,ERROR
128,"(None, 0, 1, 1)",MSL,2017.311203,0.6666666666666666,True,arima,1.0,0.5,P-11,OK
129,0,MSL,0.0,0.0,True,arima,0.0,0.0,D-15,ERROR
130,0,MSL,0.0,0.0,True,arima,0.0,0.0,D-16,ERROR
131,0,MSL,0.0,0.0,True,arima,0.0,0.0,M-7,ERROR
132,"(None, 1, 0, 1)",MSL,1959.329604,0.6666666666666666,True,arima,0.5,1.0,F-8,OK
133,"(None, 1, 0, 1)",MSL,66.586945,0.6666666666666666,True,lstm_dynamic_threshold,0.5,1.0,M-6,OK
134,"(None, 1, 0, 1)",MSL,99.130851,0.6666666666666666,True,lstm_dynamic_threshold,0.5,1.0,M-1,OK
135,"(None, 0, 0, 1)",MSL,96.105427,1.0,True,lstm_dynamic_threshold,1.0,1.0,M-2,OK
136,"(None, 0, 0, 1)",MSL,63.410259,1.0,True,lstm_dynamic_threshold,1.0,1.0,S-2,OK
137,"(None, 0, 0, 1)",MSL,114.302862,1.0,True,lstm_dynamic_threshold,1.0,1.0,P-10,OK
138,"(None, 1, 0, 1)",MSL,97.528915,0.6666666666666666,True,lstm_dynamic_threshold,0.5,1.0,T-4,OK
139,"(None, 0, 0, 1)",MSL,79.032267,1.0,True,lstm_dynamic_threshold,1.0,1.0,T-5,OK
140,0,MSL,0.0,0.0,True,lstm_dynamic_threshold,0.0,0.0,F-7,ERROR
141,"(None, 1, 1, 0)",MSL,91.432114,,True,lstm_dynamic_threshold,0.0,0.0,M-3,OK
142,"(None, 1, 1, 0)",MSL,96.527866,,True,lstm_dynamic_threshold,0.0,0.0,M-4,OK
143,"(None, 0, 0, 1)",MSL,96.725092,1.0,True,lstm_dynamic_threshold,1.0,1.0,M-5,OK
144,"(None, 3, 0, 1)",MSL,130.051049,0.4,True,lstm_dynamic_threshold,0.25,1.0,P-15,OK
145,"(None, 5, 1, 1)",MSL,100.118619,0.25,True,lstm_dynamic_threshold,0.16666666666666666,0.5,C-1,OK
146,"(None, 4, 2, 0)",MSL,55.074083,,True,lstm_dynamic_threshold,0.0,0.0,C-2,OK
147,"(None, 3, 0, 1)",MSL,74.327362,0.4,True,lstm_dynamic_threshold,0.25,1.0,T-12,OK
148,"(None, 2, 0, 2)",MSL,68.233325,0.6666666666666666,True,lstm_dynamic_threshold,0.5,1.0,T-13,OK
149,"(None, 5, 1, 0)",MSL,105.366097,,True,lstm_dynamic_threshold,0.0,0.0,F-4,OK
150,"(None, 5, 0, 1)",MSL,113.46528,0.2857142857142857,True,lstm_dynamic_threshold,0.16666666666666666,1.0,F-5,OK
151,"(None, 0, 0, 2)",MSL,90.219605,1.0,True,lstm_dynamic_threshold,1.0,1.0,D-14,OK
152,"(None, 0, 1, 1)",MSL,55.786662,0.6666666666666666,True,lstm_dynamic_threshold,1.0,0.5,T-9,OK
153,"(None, 0, 0, 1)",MSL,93.384549,1.0,True,lstm_dynamic_threshold,1.0,1.0,P-14,OK
154,"(None, 4, 0, 2)",MSL,57.127579,0.5,True,lstm_dynamic_threshold,0.3333333333333333,1.0,T-8,OK
155,"(None, 1, 0, 2)",MSL,146.753427,0.8,True,lstm_dynamic_threshold,0.6666666666666666,1.0,P-11,OK
156,0,MSL,0.0,0.0,True,lstm_dynamic_threshold,0.0,0.0,D-15,ERROR
157,0,MSL,0.0,0.0,True,lstm_dynamic_threshold,0.0,0.0,D-16,ERROR
158,"(None, 1, 0, 1)",MSL,68.75956,0.6666666666666666,True,lstm_dynamic_threshold,0.5,1.0,M-7,OK
159,"(None, 4, 0, 1)",MSL,159.19688,0.33333333333333337,True,lstm_dynamic_threshold,0.2,1.0,F-8,OK
160,0,YAHOOA1,0.0,0.0,False,arima,0.0,0.0,real_59,ERROR
161,"(None, 0, 0, 3)",YAHOOA1,1695.774098,1.0,False,arima,1.0,1.0,real_65,OK
162,0,YAHOOA1,0.0,0.0,False,arima,0.0,0.0,real_64,ERROR
163,"(None, 2, 0, 1)",YAHOOA1,2059.272087,0.5,False,arima,0.3333333333333333,1.0,real_58,OK
164,"(None, 0, 1, 5)",YAHOOA1,1915.146594,0.9090909090909091,False,arima,1.0,0.8333333333333334,real_66,OK
165,"(None, 1, 0, 5)",YAHOOA1,1955.236104,0.9090909090909091,False,arima,0.8333333333333334,1.0,real_67,OK
166,0,YAHOOA1,0.0,0.0,False,arima,0.0,0.0,real_63,ERROR
167,"(None, 0, 2, 3)",YAHOOA1,607.548455,0.7499999999999999,False,arima,1.0,0.6,real_62,OK
168,"(None, 0, 1, 4)",YAHOOA1,1608.056574,0.888888888888889,False,arima,1.0,0.8,real_60,OK
169,"(None, 3, 0, 1)",YAHOOA1,1623.111061,0.4,False,arima,0.25,1.0,real_48,OK
170,"(None, 2, 0, 1)",YAHOOA1,1202.617138,0.5,False,arima,0.3333333333333333,1.0,real_49,OK
171,"(None, 1, 1, 1)",YAHOOA1,1438.062611,0.5,False,arima,0.5,0.5,real_61,OK
172,"(None, 0, 1, 1)",YAHOOA1,1725.334573,0.6666666666666666,False,arima,1.0,0.5,real_12,OK
173,"(None, 2, 0, 1)",YAHOOA1,1878.464279,0.5,False,arima,0.3333333333333333,1.0,real_5,OK
174,"(None, 2, 0, 3)",YAHOOA1,1925.49558,0.7499999999999999,False,arima,0.6,1.0,real_4,OK
175,"(None, 0, 1, 2)",YAHOOA1,1266.932631,0.8,False,arima,1.0,0.6666666666666666,real_13,OK
176,"(None, 1, 2, 2)",YAHOOA1,1324.912643,0.5714285714285715,False,arima,0.6666666666666666,0.5,real_39,OK
177,"(None, 2, 0, 1)",YAHOOA1,2193.470991,0.5,False,arima,0.3333333333333333,1.0,real_11,OK
178,"(None, 1, 0, 1)",YAHOOA1,1305.119953,0.6666666666666666,False,arima,0.5,1.0,real_6,OK
179,"(None, 3, 0, 3)",YAHOOA1,2031.591746,0.6666666666666666,False,arima,0.5,1.0,real_7,OK
180,"(None, 2, 0, 1)",YAHOOA1,1211.316147,0.5,False,arima,0.3333333333333333,1.0,real_10,OK
181,"(None, 0, 0, 3)",YAHOOA1,1074.223035,1.0,False,arima,1.0,1.0,real_38,OK
182,"(None, 3, 0, 1)",YAHOOA1,1295.043847,0.4,False,arima,0.25,1.0,real_14,OK
183,"(None, 0, 0, 4)",YAHOOA1,1331.168594,1.0,False,arima,1.0,1.0,real_28,OK
184,"(None, 1, 0, 2)",YAHOOA1,1502.117975,0.8,False,arima,0.6666666666666666,1.0,real_3,OK
185,"(None, 3, 0, 2)",YAHOOA1,1875.925021,0.5714285714285715,False,arima,0.4,1.0,real_2,OK
186,"(None, 0, 0, 5)",YAHOOA1,1341.181083,1.0,False,arima,1.0,1.0,real_29,OK
187,"(None, 0, 1, 2)",YAHOOA1,1234.792882,0.8,False,arima,1.0,0.6666666666666666,real_15,OK
188,"(None, 1, 1, 2)",YAHOOA1,1375.704633,0.6666666666666666,False,arima,0.6666666666666666,0.6666666666666666,real_17,OK
189,"(None, 1, 0, 2)",YAHOOA1,1252.730151,0.8,False,arima,0.6666666666666666,1.0,real_1,OK
190,"(None, 0, 0, 1)",YAHOOA1,1932.190646,1.0,False,arima,1.0,1.0,real_16,OK
191,"(None, 0, 0, 1)",YAHOOA1,1716.575966,1.0,False,arima,1.0,1.0,real_33,OK
192,"(None, 2, 1, 1)",YAHOOA1,1281.437426,0.4,False,arima,0.3333333333333333,0.5,real_27,OK
193,"(None, 4, 5, 0)",YAHOOA1,1230.111481,,False,arima,0.0,0.0,real_26,OK
194,"(None, 2, 0, 2)",YAHOOA1,1713.073613,0.6666666666666666,False,arima,0.5,1.0,real_32,OK
195,"(None, 2, 0, 1)",YAHOOA1,1185.744515,0.5,False,arima,0.3333333333333333,1.0,real_18,OK
196,"(None, 0, 0, 3)",YAHOOA1,1210.679564,1.0,False,arima,1.0,1.0,real_24,OK
197,"(None, 0, 0, 2)",YAHOOA1,1440.577407,1.0,False,arima,1.0,1.0,real_30,OK
198,"(None, 2, 0, 2)",YAHOOA1,1751.3127,0.6666666666666666,False,arima,0.5,1.0,real_31,OK
199,"(None, 0, 0, 1)",YAHOOA1,1962.451658,1.0,False,arima,1.0,1.0,real_25,OK
200,"(None, 1, 1, 2)",YAHOOA1,1282.686773,0.6666666666666666,False,arima,0.6666666666666666,0.6666666666666666,real_19,OK
201,"(None, 0, 0, 2)",YAHOOA1,1445.430464,1.0,False,arima,1.0,1.0,real_21,OK
202,0,YAHOOA1,0.0,0.0,False,arima,0.0,0.0,real_35,ERROR
203,"(None, 0, 0, 4)",YAHOOA1,1158.690872,1.0,False,arima,1.0,1.0,real_34,OK
204,"(None, 1, 1, 2)",YAHOOA1,1565.029204,0.6666666666666666,False,arima,0.6666666666666666,0.6666666666666666,real_20,OK
205,"(None, 1, 0, 2)",YAHOOA1,1445.550754,0.8,False,arima,0.6666666666666666,1.0,real_36,OK
206,"(None, 2, 1, 0)",YAHOOA1,1813.759114,,False,arima,0.0,0.0,real_22,OK
207,"(None, 1, 0, 4)",YAHOOA1,1692.236808,0.888888888888889,False,arima,0.8,1.0,real_9,OK
208,"(None, 1, 0, 3)",YAHOOA1,1572.437605,0.8571428571428571,False,arima,0.75,1.0,real_8,OK
209,"(None, 1, 0, 12)",YAHOOA1,1194.851354,0.9600000000000001,False,arima,0.9230769230769231,1.0,real_23,OK
210,"(None, 2, 0, 2)",YAHOOA1,1174.052767,0.6666666666666666,False,arima,0.5,1.0,real_37,OK
211,"(None, 2, 0, 1)",YAHOOA1,1312.596481,0.5,False,arima,0.3333333333333333,1.0,real_50,OK
212,"(None, 0, 0, 3)",YAHOOA1,1330.787514,1.0,False,arima,1.0,1.0,real_44,OK
213,"(None, 0, 0, 1)",YAHOOA1,1455.727092,1.0,False,arima,1.0,1.0,real_45,OK
214,"(None, 0, 1, 2)",YAHOOA1,1210.690056,0.8,False,arima,1.0,0.6666666666666666,real_51,OK
215,"(None, 0, 0, 5)",YAHOOA1,1148.014196,1.0,False,arima,1.0,1.0,real_47,OK
216,"(None, 0, 0, 4)",YAHOOA1,1300.354052,1.0,False,arima,1.0,1.0,real_53,OK
217,"(None, 0, 0, 4)",YAHOOA1,1238.957007,1.0,False,arima,1.0,1.0,real_52,OK
218,"(None, 1, 1, 2)",YAHOOA1,1203.560737,0.6666666666666666,False,arima,0.6666666666666666,0.6666666666666666,real_46,OK
219,"(None, 4, 0, 3)",YAHOOA1,2087.26595,0.6,False,arima,0.42857142857142855,1.0,real_42,OK
220,"(None, 0, 1, 3)",YAHOOA1,1413.252957,0.8571428571428571,False,arima,1.0,0.75,real_56,OK
221,"(None, 0, 2, 1)",YAHOOA1,1367.282735,0.5,False,arima,1.0,0.3333333333333333,real_57,OK
222,"(None, 1, 2, 1)",YAHOOA1,1502.746016,0.4,False,arima,0.5,0.3333333333333333,real_43,OK
223,"(None, 0, 1, 3)",YAHOOA1,1201.77269,0.8571428571428571,False,arima,1.0,0.75,real_55,OK
224,"(None, 2, 1, 2)",YAHOOA1,1536.069114,0.5714285714285715,False,arima,0.5,0.6666666666666666,real_41,OK
225,"(None, 2, 1, 1)",YAHOOA1,1210.690698,0.4,False,arima,0.3333333333333333,0.5,real_40,OK
226,0,YAHOOA1,0.0,0.0,False,arima,0.0,0.0,real_54,ERROR
227,0,YAHOOA1,0.0,0.0,False,lstm_dynamic_threshold,0.0,0.0,real_59,ERROR
228,"(None, 0, 0, 3)",YAHOOA1,77.238129,1.0,False,lstm_dynamic_threshold,1.0,1.0,real_65,OK
229,0,YAHOOA1,0.0,0.0,False,lstm_dynamic_threshold,0.0,0.0,real_64,ERROR
230,"(None, 2, 0, 1)",YAHOOA1,77.310906,0.5,False,lstm_dynamic_threshold,0.3333333333333333,1.0,real_58,OK
231,"(None, 0, 0, 6)",YAHOOA1,61.286691,1.0,False,lstm_dynamic_threshold,1.0,1.0,real_66,OK
232,"(None, 0, 0, 5)",YAHOOA1,62.858797,1.0,False,lstm_dynamic_threshold,1.0,1.0,real_67,OK
233,"(None, 0, 0, 1)",YAHOOA1,84.684083,1.0,False,lstm_dynamic_threshold,1.0,1.0,real_63,OK
234,"(None, 2, 2, 3)",YAHOOA1,53.087634,0.6,False,lstm_dynamic_threshold,0.6,0.6,real_62,OK
235,"(None, 0, 1, 4)",YAHOOA1,64.21252,0.888888888888889,False,lstm_dynamic_threshold,1.0,0.8,real_60,OK
236,"(None, 2, 0, 1)",YAHOOA1,61.55452,0.5,False,lstm_dynamic_threshold,0.3333333333333333,1.0,real_48,OK
237,"(None, 2, 0, 1)",YAHOOA1,73.226675,0.5,False,lstm_dynamic_threshold,0.3333333333333333,1.0,real_49,OK
238,"(None, 0, 0, 2)",YAHOOA1,78.939222,1.0,False,lstm_dynamic_threshold,1.0,1.0,real_61,OK
239,"(None, 0, 1, 1)",YAHOOA1,60.942086,0.6666666666666666,False,lstm_dynamic_threshold,1.0,0.5,real_12,OK
240,"(None, 1, 0, 1)",YAHOOA1,65.948208,0.6666666666666666,False,lstm_dynamic_threshold,0.5,1.0,real_5,OK
241,"(None, 2, 0, 3)",YAHOOA1,62.353255,0.7499999999999999,False,lstm_dynamic_threshold,0.6,1.0,real_4,OK
242,"(None, 0, 1, 2)",YAHOOA1,71.784367,0.8,False,lstm_dynamic_threshold,1.0,0.6666666666666666,real_13,OK
243,"(None, 1, 2, 2)",YAHOOA1,77.296654,0.5714285714285715,False,lstm_dynamic_threshold,0.6666666666666666,0.5,real_39,OK
244,"(None, 0, 0, 1)",YAHOOA1,66.470379,1.0,False,lstm_dynamic_threshold,1.0,1.0,real_11,OK
245,"(None, 3, 0, 1)",YAHOOA1,73.006572,0.4,False,lstm_dynamic_threshold,0.25,1.0,real_6,OK
246,"(None, 0, 0, 3)",YAHOOA1,83.030385,1.0,False,lstm_dynamic_threshold,1.0,1.0,real_7,OK
247,"(None, 2, 0, 1)",YAHOOA1,80.807647,0.5,False,lstm_dynamic_threshold,0.3333333333333333,1.0,real_10,OK
248,"(None, 0, 1, 2)",YAHOOA1,77.581782,0.8,False,lstm_dynamic_threshold,1.0,0.6666666666666666,real_38,OK
249,"(None, 3, 0, 1)",YAHOOA1,76.324308,0.4,False,lstm_dynamic_threshold,0.25,1.0,real_14,OK
250,"(None, 0, 1, 3)",YAHOOA1,73.779222,0.8571428571428571,False,lstm_dynamic_threshold,1.0,0.75,real_28,OK
251,"(None, 0, 1, 1)",YAHOOA1,63.561908,0.6666666666666666,False,lstm_dynamic_threshold,1.0,0.5,real_3,OK
252,"(None, 0, 0, 2)",YAHOOA1,63.231688,1.0,False,lstm_dynamic_threshold,1.0,1.0,real_2,OK
253,"(None, 0, 0, 5)",YAHOOA1,111.992917,1.0,False,lstm_dynamic_threshold,1.0,1.0,real_29,OK
254,"(None, 0, 1, 2)",YAHOOA1,79.157594,0.8,False,lstm_dynamic_threshold,1.0,0.6666666666666666,real_15,OK
255,"(None, 2, 0, 3)",YAHOOA1,112.91805,0.7499999999999999,False,lstm_dynamic_threshold,0.6,1.0,real_17,OK
256,"(None, 0, 0, 2)",YAHOOA1,60.357097,1.0,False,lstm_dynamic_threshold,1.0,1.0,real_1,OK
257,"(None, 0, 0, 1)",YAHOOA1,65.08591,1.0,False,lstm_dynamic_threshold,1.0,1.0,real_16,OK
258,"(None, 0, 0, 1)",YAHOOA1,65.98713,1.0,False,lstm_dynamic_threshold,1.0,1.0,real_33,OK
259,"(None, 1, 1, 1)",YAHOOA1,80.238435,0.5,False,lstm_dynamic_threshold,0.5,0.5,real_27,OK
260,"(None, 2, 5, 0)",YAHOOA1,70.122714,,False,lstm_dynamic_threshold,0.0,0.0,real_26,OK
261,"(None, 1, 1, 1)",YAHOOA1,77.837517,0.5,False,lstm_dynamic_threshold,0.5,0.5,real_32,OK
262,"(None, 2, 0, 1)",YAHOOA1,63.852862,0.5,False,lstm_dynamic_threshold,0.3333333333333333,1.0,real_18,OK
263,"(None, 0, 0, 3)",YAHOOA1,79.832729,1.0,False,lstm_dynamic_threshold,1.0,1.0,real_24,OK
264,"(None, 0, 0, 2)",YAHOOA1,73.924184,1.0,False,lstm_dynamic_threshold,1.0,1.0,real_30,OK
265,"(None, 2, 1, 1)",YAHOOA1,68.150387,0.4,False,lstm_dynamic_threshold,0.3333333333333333,0.5,real_31,OK
266,"(None, 1, 0, 1)",YAHOOA1,98.081145,0.6666666666666666,False,lstm_dynamic_threshold,0.5,1.0,real_25,OK
267,"(None, 1, 1, 2)",YAHOOA1,79.445728,0.6666666666666666,False,lstm_dynamic_threshold,0.6666666666666666,0.6666666666666666,real_19,OK
268,"(None, 0, 0, 2)",YAHOOA1,75.315146,1.0,False,lstm_dynamic_threshold,1.0,1.0,real_21,OK
269,0,YAHOOA1,0.0,0.0,False,lstm_dynamic_threshold,0.0,0.0,real_35,ERROR
270,"(None, 0, 1, 3)",YAHOOA1,77.075844,0.8571428571428571,False,lstm_dynamic_threshold,1.0,0.75,real_34,OK
271,"(None, 1, 1, 2)",YAHOOA1,62.342734,0.6666666666666666,False,lstm_dynamic_threshold,0.6666666666666666,0.6666666666666666,real_20,OK
272,"(None, 1, 0, 2)",YAHOOA1,69.896248,0.8,False,lstm_dynamic_threshold,0.6666666666666666,1.0,real_36,OK
273,"(None, 1, 0, 1)",YAHOOA1,57.027586,0.6666666666666666,False,lstm_dynamic_threshold,0.5,1.0,real_22,OK
274,"(None, 0, 0, 4)",YAHOOA1,59.48878,1.0,False,lstm_dynamic_threshold,1.0,1.0,real_9,OK
275,"(None, 2, 0, 3)",YAHOOA1,75.298765,0.7499999999999999,False,lstm_dynamic_threshold,0.6,1.0,real_8,OK
276,"(None, 0, 0, 12)",YAHOOA1,78.398681,1.0,False,lstm_dynamic_threshold,1.0,1.0,real_23,OK
277,"(None, 1, 2, 0)",YAHOOA1,81.78659,,False,lstm_dynamic_threshold,0.0,0.0,real_37,OK
278,"(None, 2, 0, 1)",YAHOOA1,77.315154,0.5,False,lstm_dynamic_threshold,0.3333333333333333,1.0,real_50,OK
279,"(None, 1, 0, 3)",YAHOOA1,70.515673,0.8571428571428571,False,lstm_dynamic_threshold,0.75,1.0,real_44,OK
280,"(None, 0, 0, 1)",YAHOOA1,64.311217,1.0,False,lstm_dynamic_threshold,1.0,1.0,real_45,OK
281,"(None, 0, 0, 3)",YAHOOA1,67.659554,1.0,False,lstm_dynamic_threshold,1.0,1.0,real_51,OK
282,"(None, 1, 0, 5)",YAHOOA1,61.898973,0.9090909090909091,False,lstm_dynamic_threshold,0.8333333333333334,1.0,real_47,OK
283,"(None, 0, 0, 4)",YAHOOA1,85.676667,1.0,False,lstm_dynamic_threshold,1.0,1.0,real_53,OK
284,"(None, 0, 1, 3)",YAHOOA1,81.981074,0.8571428571428571,False,lstm_dynamic_threshold,1.0,0.75,real_52,OK
285,"(None, 2, 0, 3)",YAHOOA1,80.711992,0.7499999999999999,False,lstm_dynamic_threshold,0.6,1.0,real_46,OK
286,"(None, 3, 0, 3)",YAHOOA1,62.864961,0.6666666666666666,False,lstm_dynamic_threshold,0.5,1.0,real_42,OK
287,"(None, 0, 2, 2)",YAHOOA1,124.135872,0.6666666666666666,False,lstm_dynamic_threshold,1.0,0.5,real_56,OK
288,"(None, 1, 2, 1)",YAHOOA1,80.794976,0.4,False,lstm_dynamic_threshold,0.5,0.3333333333333333,real_57,OK
289,"(None, 0, 1, 2)",YAHOOA1,70.229463,0.8,False,lstm_dynamic_threshold,1.0,0.6666666666666666,real_43,OK
290,"(None, 0, 1, 3)",YAHOOA1,63.015279,0.8571428571428571,False,lstm_dynamic_threshold,1.0,0.75,real_55,OK
291,"(None, 2, 1, 2)",YAHOOA1,65.932575,0.5714285714285715,False,lstm_dynamic_threshold,0.5,0.6666666666666666,real_41,OK
292,"(None, 4, 2, 0)",YAHOOA1,80.297521,,False,lstm_dynamic_threshold,0.0,0.0,real_40,OK
293,"(None, 1, 2, 0)",YAHOOA1,60.174379,,False,lstm_dynamic_threshold,0.0,0.0,real_54,OK
294,"(None, 0, 0, 2)",YAHOOA2,1145.853125,1.0,False,arima,1.0,1.0,synthetic_85,OK
295,"(None, 1, 0, 2)",YAHOOA2,1578.944484,0.8,False,arima,0.6666666666666666,1.0,synthetic_91,OK
296,"(None, 0, 0, 2)",YAHOOA2,1231.179963,1.0,False,arima,1.0,1.0,synthetic_46,OK
297,"(None, 0, 1, 1)",YAHOOA2,1266.093781,0.6666666666666666,False,arima,1.0,0.5,synthetic_52,OK
298,"(None, 0, 0, 3)",YAHOOA2,1207.844591,1.0,False,arima,1.0,1.0,synthetic_53,OK
299,"(None, 0, 0, 3)",YAHOOA2,1272.648585,1.0,False,arima,1.0,1.0,synthetic_47,OK
300,"(None, 1, 0, 1)",YAHOOA2,1346.971433,0.6666666666666666,False,arima,0.5,1.0,synthetic_90,OK
301,"(None, 1, 0, 1)",YAHOOA2,1423.670719,0.6666666666666666,False,arima,0.5,1.0,synthetic_84,OK
302,"(None, 0, 0, 3)",YAHOOA2,1151.160472,1.0,False,arima,1.0,1.0,synthetic_92,OK
303,"(None, 0, 0, 3)",YAHOOA2,1300.467091,1.0,False,arima,1.0,1.0,synthetic_86,OK
304,"(None, 1, 0, 1)",YAHOOA2,1286.866669,0.6666666666666666,False,arima,0.5,1.0,synthetic_51,OK
305,"(None, 1, 0, 1)",YAHOOA2,1150.975564,0.6666666666666666,False,arima,0.5,1.0,synthetic_45,OK
306,"(None, 0, 0, 2)",YAHOOA2,1424.659683,1.0,False,arima,1.0,1.0,synthetic_79,OK
307,"(None, 2, 0, 1)",YAHOOA2,1058.342645,0.5,False,arima,0.3333333333333333,1.0,synthetic_78,OK
308,"(None, 0, 0, 2)",YAHOOA2,1329.583009,1.0,False,arima,1.0,1.0,synthetic_100,OK
309,"(None, 0, 0, 3)",YAHOOA2,1490.412134,1.0,False,arima,1.0,1.0,synthetic_44,OK
310,"(None, 1, 1, 2)",YAHOOA2,1138.064332,0.6666666666666666,False,arima,0.6666666666666666,0.6666666666666666,synthetic_50,OK
311,"(None, 1, 0, 1)",YAHOOA2,1112.59388,0.6666666666666666,False,arima,0.5,1.0,synthetic_87,OK
312,"(None, 1, 0, 1)",YAHOOA2,1495.482206,0.6666666666666666,False,arima,0.5,1.0,synthetic_93,OK
313,"(None, 0, 0, 2)",YAHOOA2,1331.208672,1.0,False,arima,1.0,1.0,synthetic_97,OK
314,"(None, 0, 0, 3)",YAHOOA2,1334.423994,1.0,False,arima,1.0,1.0,synthetic_83,OK
315,"(None, 0, 0, 3)",YAHOOA2,1282.341398,1.0,False,arima,1.0,1.0,synthetic_68,OK
316,"(None, 3, 1, 0)",YAHOOA2,1168.698298,,False,arima,0.0,0.0,synthetic_54,OK
317,"(None, 1, 1, 1)",YAHOOA2,1123.015648,0.5,False,arima,0.5,0.5,synthetic_40,OK
318,"(None, 0, 0, 3)",YAHOOA2,1321.480981,1.0,False,arima,1.0,1.0,synthetic_41,OK
319,"(None, 0, 0, 2)",YAHOOA2,1257.651331,1.0,False,arima,1.0,1.0,synthetic_55,OK
320,"(None, 1, 0, 1)",YAHOOA2,1603.645342,0.6666666666666666,False,arima,0.5,1.0,synthetic_69,OK
321,"(None, 1, 0, 2)",YAHOOA2,1125.350564,0.8,False,arima,0.6666666666666666,1.0,synthetic_82,OK
322,"(None, 2, 0, 1)",YAHOOA2,1171.322041,0.5,False,arima,0.3333333333333333,1.0,synthetic_96,OK
323,"(None, 0, 0, 3)",YAHOOA2,1134.506114,1.0,False,arima,1.0,1.0,synthetic_80,OK
324,"(None, 0, 0, 2)",YAHOOA2,1219.141259,1.0,False,arima,1.0,1.0,synthetic_94,OK
325,"(None, 1, 0, 2)",YAHOOA2,1199.772844,0.8,False,arima,0.6666666666666666,1.0,synthetic_43,OK
326,"(None, 1, 0, 1)",YAHOOA2,1182.100089,0.6666666666666666,False,arima,0.5,1.0,synthetic_57,OK
327,"(None, 0, 0, 3)",YAHOOA2,1281.052735,1.0,False,arima,1.0,1.0,synthetic_56,OK
328,"(None, 1, 0, 1)",YAHOOA2,1318.310878,0.6666666666666666,False,arima,0.5,1.0,synthetic_42,OK
329,"(None, 0, 0, 3)",YAHOOA2,1286.787035,1.0,False,arima,1.0,1.0,synthetic_95,OK
330,"(None, 1, 0, 1)",YAHOOA2,1470.949926,0.6666666666666666,False,arima,0.5,1.0,synthetic_81,OK
331,"(None, 0, 0, 2)",YAHOOA2,1316.18823,1.0,False,arima,1.0,1.0,synthetic_25,OK
332,"(None, 0, 0, 2)",YAHOOA2,1218.811682,1.0,False,arima,1.0,1.0,synthetic_31,OK
333,"(None, 1, 0, 2)",YAHOOA2,1146.005863,0.8,False,arima,0.6666666666666666,1.0,synthetic_19,OK
334,"(None, 1, 0, 1)",YAHOOA2,1134.024199,0.6666666666666666,False,arima,0.5,1.0,synthetic_18,OK
335,"(None, 1, 0, 1)",YAHOOA2,1239.758353,0.6666666666666666,False,arima,0.5,1.0,synthetic_30,OK
336,"(None, 2, 0, 1)",YAHOOA2,1101.252823,0.5,False,arima,0.3333333333333333,1.0,synthetic_24,OK
337,"(None, 0, 0, 3)",YAHOOA2,1206.234745,1.0,False,arima,1.0,1.0,synthetic_32,OK
338,"(None, 1, 1, 2)",YAHOOA2,1130.2012,0.6666666666666666,False,arima,0.6666666666666666,0.6666666666666666,synthetic_26,OK
339,"(None, 1, 0, 1)",YAHOOA2,1263.410211,0.6666666666666666,False,arima,0.5,1.0,synthetic_27,OK
340,"(None, 2, 0, 1)",YAHOOA2,1104.591602,0.5,False,arima,0.3333333333333333,1.0,synthetic_33,OK
341,"(None, 1, 0, 3)",YAHOOA2,1191.173053,0.8571428571428571,False,arima,0.75,1.0,synthetic_8,OK
342,"(None, 0, 0, 2)",YAHOOA2,1418.60147,1.0,False,arima,1.0,1.0,synthetic_37,OK
343,"(None, 0, 0, 3)",YAHOOA2,1343.294428,1.0,False,arima,1.0,1.0,synthetic_23,OK
344,"(None, 1, 1, 1)",YAHOOA2,1099.23967,0.5,False,arima,0.5,0.5,synthetic_22,OK
345,"(None, 2, 0, 1)",YAHOOA2,1138.579823,0.5,False,arima,0.3333333333333333,1.0,synthetic_36,OK
346,"(None, 1, 0, 1)",YAHOOA2,1228.65954,0.6666666666666666,False,arima,0.5,1.0,synthetic_9,OK
347,"(None, 0, 0, 3)",YAHOOA2,1191.630364,1.0,False,arima,1.0,1.0,synthetic_20,OK
348,"(None, 1, 0, 2)",YAHOOA2,1195.545406,0.8,False,arima,0.6666666666666666,1.0,synthetic_34,OK
349,"(None, 0, 0, 3)",YAHOOA2,1360.740126,1.0,False,arima,1.0,1.0,synthetic_35,OK
350,"(None, 1, 0, 1)",YAHOOA2,1396.277653,0.6666666666666666,False,arima,0.5,1.0,synthetic_21,OK
351,"(None, 0, 0, 2)",YAHOOA2,1722.292597,1.0,False,arima,1.0,1.0,synthetic_7,OK
352,"(None, 1, 0, 2)",YAHOOA2,1247.995082,0.8,False,arima,0.6666666666666666,1.0,synthetic_10,OK
353,"(None, 0, 1, 2)",YAHOOA2,1187.942196,0.8,False,arima,1.0,0.6666666666666666,synthetic_38,OK
354,"(None, 1, 0, 1)",YAHOOA2,1330.498472,0.6666666666666666,False,arima,0.5,1.0,synthetic_39,OK
355,"(None, 0, 0, 3)",YAHOOA2,1226.781933,1.0,False,arima,1.0,1.0,synthetic_11,OK
356,"(None, 1, 0, 1)",YAHOOA2,1432.764528,0.6666666666666666,False,arima,0.5,1.0,synthetic_6,OK
357,0,YAHOOA2,0.0,0.0,False,arima,0.0,0.0,synthetic_4,ERROR
358,"(None, 0, 0, 2)",YAHOOA2,1222.286959,1.0,False,arima,1.0,1.0,synthetic_13,OK
359,"(None, 2, 0, 1)",YAHOOA2,1088.132752,0.5,False,arima,0.3333333333333333,1.0,synthetic_12,OK
360,"(None, 0, 0, 3)",YAHOOA2,1297.562117,1.0,False,arima,1.0,1.0,synthetic_5,OK
361,0,YAHOOA2,0.0,0.0,False,arima,0.0,0.0,synthetic_1,ERROR
362,"(None, 0, 0, 2)",YAHOOA2,1197.797856,1.0,False,arima,1.0,1.0,synthetic_16,OK
363,"(None, 0, 0, 3)",YAHOOA2,1160.460093,1.0,False,arima,1.0,1.0,synthetic_17,OK
364,0,YAHOOA2,0.0,0.0,False,arima,0.0,0.0,synthetic_2,ERROR
365,"(None, 1, 0, 3)",YAHOOA2,1277.239031,0.8571428571428571,False,arima,0.75,1.0,synthetic_29,OK
366,"(None, 1, 0, 1)",YAHOOA2,1047.375363,0.6666666666666666,False,arima,0.5,1.0,synthetic_15,OK
367,"(None, 0, 0, 3)",YAHOOA2,1447.363917,1.0,False,arima,1.0,1.0,synthetic_14,OK
368,"(None, 0, 0, 2)",YAHOOA2,1406.271282,1.0,False,arima,1.0,1.0,synthetic_28,OK
369,0,YAHOOA2,0.0,0.0,False,arima,0.0,0.0,synthetic_3,ERROR
370,"(None, 0, 0, 3)",YAHOOA2,1346.213922,1.0,False,arima,1.0,1.0,synthetic_98,OK
371,"(None, 0, 0, 2)",YAHOOA2,1661.033405,1.0,False,arima,1.0,1.0,synthetic_67,OK
372,"(None, 0, 0, 2)",YAHOOA2,1219.422812,1.0,False,arima,1.0,1.0,synthetic_73,OK
373,"(None, 1, 0, 1)",YAHOOA2,1442.425713,0.6666666666666666,False,arima,0.5,1.0,synthetic_72,OK
374,"(None, 0, 0, 1)",YAHOOA2,1496.610243,1.0,False,arima,1.0,1.0,synthetic_66,OK
375,"(None, 1, 0, 1)",YAHOOA2,1179.513115,0.6666666666666666,False,arima,0.5,1.0,synthetic_99,OK
376,"(None, 0, 0, 2)",YAHOOA2,1687.530792,1.0,False,arima,1.0,1.0,synthetic_70,OK
377,0,YAHOOA2,0.0,0.0,False,arima,0.0,0.0,synthetic_64,ERROR
378,"(None, 0, 0, 2)",YAHOOA2,1292.778583,1.0,False,arima,1.0,1.0,synthetic_58,OK
379,"(None, 0, 0, 3)",YAHOOA2,1223.865236,1.0,False,arima,1.0,1.0,synthetic_59,OK
380,0,YAHOOA2,0.0,0.0,False,arima,0.0,0.0,synthetic_65,ERROR
381,"(None, 0, 0, 3)",YAHOOA2,1131.988325,1.0,False,arima,1.0,1.0,synthetic_71,OK
382,"(None, 0, 0, 2)",YAHOOA2,1136.120418,1.0,False,arima,1.0,1.0,synthetic_49,OK
383,"(None, 1, 0, 1)",YAHOOA2,1214.611152,0.6666666666666666,False,arima,0.5,1.0,synthetic_75,OK
384,0,YAHOOA2,0.0,0.0,False,arima,0.0,0.0,synthetic_61,ERROR
385,0,YAHOOA2,0.0,0.0,False,arima,0.0,0.0,synthetic_60,ERROR
386,"(None, 0, 0, 3)",YAHOOA2,1286.992196,1.0,False,arima,1.0,1.0,synthetic_74,OK
387,"(None, 2, 0, 1)",YAHOOA2,1225.970072,0.5,False,arima,0.3333333333333333,1.0,synthetic_48,OK
388,"(None, 0, 0, 3)",YAHOOA2,1374.902743,1.0,False,arima,1.0,1.0,synthetic_89,OK
389,0,YAHOOA2,0.0,0.0,False,arima,0.0,0.0,synthetic_62,ERROR
390,"(None, 0, 0, 2)",YAHOOA2,1380.198867,1.0,False,arima,1.0,1.0,synthetic_76,OK
391,"(None, 1, 0, 3)",YAHOOA2,1573.261938,0.8571428571428571,False,arima,0.75,1.0,synthetic_77,OK
392,0,YAHOOA2,0.0,0.0,False,arima,0.0,0.0,synthetic_63,ERROR
393,"(None, 0, 0, 2)",YAHOOA2,1306.500299,1.0,False,arima,1.0,1.0,synthetic_88,OK
394,"(None, 0, 0, 2)",YAHOOA2,80.361187,1.0,False,lstm_dynamic_threshold,1.0,1.0,synthetic_85,OK
395,"(None, 0, 0, 2)",YAHOOA2,63.503616,1.0,False,lstm_dynamic_threshold,1.0,1.0,synthetic_91,OK
396,"(None, 0, 0, 2)",YAHOOA2,71.009273,1.0,False,lstm_dynamic_threshold,1.0,1.0,synthetic_46,OK
397,"(None, 0, 0, 2)",YAHOOA2,114.141998,1.0,False,lstm_dynamic_threshold,1.0,1.0,synthetic_52,OK
398,"(None, 0, 0, 3)",YAHOOA2,74.393761,1.0,False,lstm_dynamic_threshold,1.0,1.0,synthetic_53,OK
399,"(None, 0, 0, 3)",YAHOOA2,72.982813,1.0,False,lstm_dynamic_threshold,1.0,1.0,synthetic_47,OK
400,"(None, 0, 0, 1)",YAHOOA2,69.913275,1.0,False,lstm_dynamic_threshold,1.0,1.0,synthetic_90,OK
401,"(None, 0, 0, 1)",YAHOOA2,60.957006,1.0,False,lstm_dynamic_threshold,1.0,1.0,synthetic_84,OK
402,"(None, 0, 0, 3)",YAHOOA2,71.71926,1.0,False,lstm_dynamic_threshold,1.0,1.0,synthetic_92,OK
403,"(None, 0, 0, 3)",YAHOOA2,60.211047,1.0,False,lstm_dynamic_threshold,1.0,1.0,synthetic_86,OK
404,"(None, 0, 0, 1)",YAHOOA2,58.008927,1.0,False,lstm_dynamic_threshold,1.0,1.0,synthetic_51,OK
405,"(None, 0, 0, 1)",YAHOOA2,71.739343,1.0,False,lstm_dynamic_threshold,1.0,1.0,synthetic_45,OK
406,"(None, 0, 0, 2)",YAHOOA2,70.512476,1.0,False,lstm_dynamic_threshold,1.0,1.0,synthetic_79,OK
407,"(None, 0, 0, 1)",YAHOOA2,64.769912,1.0,False,lstm_dynamic_threshold,1.0,1.0,synthetic_78,OK
408,"(None, 0, 0, 2)",YAHOOA2,67.534948,1.0,False,lstm_dynamic_threshold,1.0,1.0,synthetic_100,OK
409,"(None, 0, 0, 3)",YAHOOA2,65.821442,1.0,False,lstm_dynamic_threshold,1.0,1.0,synthetic_44,OK
410,"(None, 0, 0, 3)",YAHOOA2,72.527084,1.0,False,lstm_dynamic_threshold,1.0,1.0,synthetic_50,OK
411,"(None, 0, 0, 1)",YAHOOA2,70.504644,1.0,False,lstm_dynamic_threshold,1.0,1.0,synthetic_87,OK
412,"(None, 0, 0, 1)",YAHOOA2,66.279795,1.0,False,lstm_dynamic_threshold,1.0,1.0,synthetic_93,OK
413,"(None, 0, 0, 2)",YAHOOA2,62.870592,1.0,False,lstm_dynamic_threshold,1.0,1.0,synthetic_97,OK
414,"(None, 0, 0, 3)",YAHOOA2,62.432199,1.0,False,lstm_dynamic_threshold,1.0,1.0,synthetic_83,OK
415,"(None, 0, 0, 3)",YAHOOA2,62.06087,1.0,False,lstm_dynamic_threshold,1.0,1.0,synthetic_68,OK
416,0,YAHOOA2,0.0,0.0,False,lstm_dynamic_threshold,0.0,0.0,synthetic_54,ERROR
417,"(None, 0, 0, 2)",YAHOOA2,69.055038,1.0,False,lstm_dynamic_threshold,1.0,1.0,synthetic_40,OK
418,"(None, 0, 0, 3)",YAHOOA2,75.723944,1.0,False,lstm_dynamic_threshold,1.0,1.0,synthetic_41,OK
419,"(None, 0, 0, 2)",YAHOOA2,76.434139,1.0,False,lstm_dynamic_threshold,1.0,1.0,synthetic_55,OK
420,"(None, 0, 0, 1)",YAHOOA2,88.945433,1.0,False,lstm_dynamic_threshold,1.0,1.0,synthetic_69,OK
421,"(None, 0, 0, 2)",YAHOOA2,77.726599,1.0,False,lstm_dynamic_threshold,1.0,1.0,synthetic_82,OK
422,"(None, 0, 0, 1)",YAHOOA2,75.517415,1.0,False,lstm_dynamic_threshold,1.0,1.0,synthetic_96,OK
423,"(None, 0, 0, 3)",YAHOOA2,67.534049,1.0,False,lstm_dynamic_threshold,1.0,1.0,synthetic_80,OK
424,"(None, 0, 0, 2)",YAHOOA2,67.553518,1.0,False,lstm_dynamic_threshold,1.0,1.0,synthetic_94,OK
425,"(None, 0, 0, 2)",YAHOOA2,71.364399,1.0,False,lstm_dynamic_threshold,1.0,1.0,synthetic_43,OK
426,"(None, 0, 0, 1)",YAHOOA2,65.754362,1.0,False,lstm_dynamic_threshold,1.0,1.0,synthetic_57,OK
427,"(None, 0, 0, 3)",YAHOOA2,59.645834,1.0,False,lstm_dynamic_threshold,1.0,1.0,synthetic_56,OK
428,"(None, 0, 0, 1)",YAHOOA2,69.894562,1.0,False,lstm_dynamic_threshold,1.0,1.0,synthetic_42,OK
429,"(None, 0, 0, 3)",YAHOOA2,70.649707,1.0,False,lstm_dynamic_threshold,1.0,1.0,synthetic_95,OK
430,"(None, 0, 0, 1)",YAHOOA2,59.617248,1.0,False,lstm_dynamic_threshold,1.0,1.0,synthetic_81,OK
431,"(None, 0, 0, 2)",YAHOOA2,108.797311,1.0,False,lstm_dynamic_threshold,1.0,1.0,synthetic_25,OK
432,"(None, 0, 0, 2)",YAHOOA2,66.261249,1.0,False,lstm_dynamic_threshold,1.0,1.0,synthetic_31,OK
433,"(None, 0, 0, 2)",YAHOOA2,65.453945,1.0,False,lstm_dynamic_threshold,1.0,1.0,synthetic_19,OK
434,"(None, 0, 0, 1)",YAHOOA2,61.980867,1.0,False,lstm_dynamic_threshold,1.0,1.0,synthetic_18,OK
435,"(None, 0, 0, 1)",YAHOOA2,68.400894,1.0,False,lstm_dynamic_threshold,1.0,1.0,synthetic_30,OK
436,0,YAHOOA2,0.0,0.0,False,lstm_dynamic_threshold,0.0,0.0,synthetic_24,ERROR
437,"(None, 0, 0, 3)",YAHOOA2,66.263105,1.0,False,lstm_dynamic_threshold,1.0,1.0,synthetic_32,OK
438,"(None, 0, 0, 3)",YAHOOA2,67.418563,1.0,False,lstm_dynamic_threshold,1.0,1.0,synthetic_26,OK
439,"(None, 0, 0, 1)",YAHOOA2,65.394904,1.0,False,lstm_dynamic_threshold,1.0,1.0,synthetic_27,OK
440,"(None, 0, 0, 1)",YAHOOA2,63.184864,1.0,False,lstm_dynamic_threshold,1.0,1.0,synthetic_33,OK
441,"(None, 0, 0, 3)",YAHOOA2,64.073377,1.0,False,lstm_dynamic_threshold,1.0,1.0,synthetic_8,OK
442,"(None, 0, 0, 2)",YAHOOA2,68.633757,1.0,False,lstm_dynamic_threshold,1.0,1.0,synthetic_37,OK
443,"(None, 0, 0, 3)",YAHOOA2,66.405202,1.0,False,lstm_dynamic_threshold,1.0,1.0,synthetic_23,OK
444,"(None, 0, 0, 2)",YAHOOA2,67.191663,1.0,False,lstm_dynamic_threshold,1.0,1.0,synthetic_22,OK
445,0,YAHOOA2,0.0,0.0,False,lstm_dynamic_threshold,0.0,0.0,synthetic_36,ERROR
446,"(None, 0, 0, 1)",YAHOOA2,65.325152,1.0,False,lstm_dynamic_threshold,1.0,1.0,synthetic_9,OK
447,"(None, 0, 0, 3)",YAHOOA2,62.710933,1.0,False,lstm_dynamic_threshold,1.0,1.0,synthetic_20,OK
448,"(None, 0, 0, 2)",YAHOOA2,66.412897,1.0,False,lstm_dynamic_threshold,1.0,1.0,synthetic_34,OK
449,"(None, 0, 0, 3)",YAHOOA2,60.057268,1.0,False,lstm_dynamic_threshold,1.0,1.0,synthetic_35,OK
450,"(None, 0, 0, 1)",YAHOOA2,73.315867,1.0,False,lstm_dynamic_threshold,1.0,1.0,synthetic_21,OK
451,"(None, 0, 0, 2)",YAHOOA2,67.160147,1.0,False,lstm_dynamic_threshold,1.0,1.0,synthetic_7,OK
452,"(None, 0, 0, 2)",YAHOOA2,59.580409,1.0,False,lstm_dynamic_threshold,1.0,1.0,synthetic_10,OK
453,"(None, 0, 0, 3)",YAHOOA2,59.575587,1.0,False,lstm_dynamic_threshold,1.0,1.0,synthetic_38,OK
454,"(None, 0, 0, 1)",YAHOOA2,73.282457,1.0,False,lstm_dynamic_threshold,1.0,1.0,synthetic_39,OK
455,"(None, 0, 0, 3)",YAHOOA2,73.986574,1.0,False,lstm_dynamic_threshold,1.0,1.0,synthetic_11,OK
456,"(None, 0, 0, 1)",YAHOOA2,113.264743,1.0,False,lstm_dynamic_threshold,1.0,1.0,synthetic_6,OK
457,"(None, 0, 0, 2)",YAHOOA2,124.151529,1.0,False,lstm_dynamic_threshold,1.0,1.0,synthetic_4,OK
458,"(None, 0, 0, 2)",YAHOOA2,66.709356,1.0,False,lstm_dynamic_threshold,1.0,1.0,synthetic_13,OK
459,"(None, 0, 0, 1)",YAHOOA2,59.354884,1.0,False,lstm_dynamic_threshold,1.0,1.0,synthetic_12,OK
460,"(None, 0, 0, 3)",YAHOOA2,71.377234,1.0,False,lstm_dynamic_threshold,1.0,1.0,synthetic_5,OK
461,"(None, 0, 0, 2)",YAHOOA2,62.360745,1.0,False,lstm_dynamic_threshold,1.0,1.0,synthetic_1,OK
462,"(None, 0, 0, 2)",YAHOOA2,72.597584,1.0,False,lstm_dynamic_threshold,1.0,1.0,synthetic_16,OK
463,"(None, 0, 0, 3)",YAHOOA2,64.621688,1.0,False,lstm_dynamic_threshold,1.0,1.0,synthetic_17,OK
464,"(None, 0, 0, 3)",YAHOOA2,65.229276,1.0,False,lstm_dynamic_threshold,1.0,1.0,synthetic_2,OK
465,"(None, 1, 0, 3)",YAHOOA2,77.57382,0.8571428571428571,False,lstm_dynamic_threshold,0.75,1.0,synthetic_29,OK
466,"(None, 0, 0, 1)",YAHOOA2,64.36227,1.0,False,lstm_dynamic_threshold,1.0,1.0,synthetic_15,OK
467,"(None, 0, 0, 3)",YAHOOA2,63.286833,1.0,False,lstm_dynamic_threshold,1.0,1.0,synthetic_14,OK
468,"(None, 1, 0, 2)",YAHOOA2,66.930905,0.8,False,lstm_dynamic_threshold,0.6666666666666666,1.0,synthetic_28,OK
469,"(None, 0, 0, 1)",YAHOOA2,68.012273,1.0,False,lstm_dynamic_threshold,1.0,1.0,synthetic_3,OK
470,"(None, 0, 0, 3)",YAHOOA2,62.516575,1.0,False,lstm_dynamic_threshold,1.0,1.0,synthetic_98,OK
471,"(None, 0, 0, 2)",YAHOOA2,64.281188,1.0,False,lstm_dynamic_threshold,1.0,1.0,synthetic_67,OK
472,"(None, 0, 0, 2)",YAHOOA2,66.037522,1.0,False,lstm_dynamic_threshold,1.0,1.0,synthetic_73,OK
473,"(None, 0, 0, 1)",YAHOOA2,65.246141,1.0,False,lstm_dynamic_threshold,1.0,1.0,synthetic_72,OK
474,"(None, 1, 0, 1)",YAHOOA2,60.049241,0.6666666666666666,False,lstm_dynamic_threshold,0.5,1.0,synthetic_66,OK
475,"(None, 0, 0, 1)",YAHOOA2,73.576953,1.0,False,lstm_dynamic_threshold,1.0,1.0,synthetic_99,OK
476,"(None, 0, 0, 2)",YAHOOA2,59.383242,1.0,False,lstm_dynamic_threshold,1.0,1.0,synthetic_70,OK
477,"(None, 1, 0, 2)",YAHOOA2,64.309257,0.8,False,lstm_dynamic_threshold,0.6666666666666666,1.0,synthetic_64,OK
478,"(None, 0, 0, 2)",YAHOOA2,71.254305,1.0,False,lstm_dynamic_threshold,1.0,1.0,synthetic_58,OK
479,"(None, 0, 0, 3)",YAHOOA2,62.504841,1.0,False,lstm_dynamic_threshold,1.0,1.0,synthetic_59,OK
480,"(None, 0, 0, 3)",YAHOOA2,65.29386,1.0,False,lstm_dynamic_threshold,1.0,1.0,synthetic_65,OK
481,"(None, 0, 0, 3)",YAHOOA2,65.569517,1.0,False,lstm_dynamic_threshold,1.0,1.0,synthetic_71,OK
482,"(None, 1, 0, 2)",YAHOOA2,60.016342,0.8,False,lstm_dynamic_threshold,0.6666666666666666,1.0,synthetic_49,OK
483,"(None, 0, 0, 1)",YAHOOA2,63.845118,1.0,False,lstm_dynamic_threshold,1.0,1.0,synthetic_75,OK
484,"(None, 0, 0, 2)",YAHOOA2,66.842541,1.0,False,lstm_dynamic_threshold,1.0,1.0,synthetic_61,OK
485,"(None, 0, 0, 1)",YAHOOA2,78.547445,1.0,False,lstm_dynamic_threshold,1.0,1.0,synthetic_60,OK
486,"(None, 0, 0, 3)",YAHOOA2,83.592579,1.0,False,lstm_dynamic_threshold,1.0,1.0,synthetic_74,OK
487,"(None, 0, 0, 1)",YAHOOA2,64.406392,1.0,False,lstm_dynamic_threshold,1.0,1.0,synthetic_48,OK
488,"(None, 0, 0, 3)",YAHOOA2,72.173482,1.0,False,lstm_dynamic_threshold,1.0,1.0,synthetic_89,OK
489,"(None, 0, 0, 3)",YAHOOA2,78.457652,1.0,False,lstm_dynamic_threshold,1.0,1.0,synthetic_62,OK
490,"(None, 0, 0, 2)",YAHOOA2,88.585122,1.0,False,lstm_dynamic_threshold,1.0,1.0,synthetic_76,OK
491,"(None, 0, 0, 3)",YAHOOA2,62.581534,1.0,False,lstm_dynamic_threshold,1.0,1.0,synthetic_77,OK
492,"(None, 0, 0, 1)",YAHOOA2,66.721472,1.0,False,lstm_dynamic_threshold,1.0,1.0,synthetic_63,OK
493,"(None, 0, 0, 2)",YAHOOA2,70.442476,1.0,False,lstm_dynamic_threshold,1.0,1.0,synthetic_88,OK
494,"(None, 0, 1, 12)",YAHOOA3,1543.144845,0.9600000000000001,False,arima,1.0,0.9230769230769231,A3Benchmark-TS12,OK
495,"(None, 0, 1, 8)",YAHOOA3,1375.370296,0.9411764705882353,False,arima,1.0,0.8888888888888888,A3Benchmark-TS13,OK
496,"(None, 0, 3, 4)",YAHOOA3,1587.106151,0.7272727272727273,False,arima,1.0,0.5714285714285714,A3Benchmark-TS11,OK
497,"(None, 0, 7, 5)",YAHOOA3,1506.469005,0.5882352941176471,False,arima,1.0,0.4166666666666667,A3Benchmark-TS39,OK
498,"(None, 0, 1, 2)",YAHOOA3,1394.96977,0.8,False,arima,1.0,0.6666666666666666,A3Benchmark-TS38,OK
499,"(None, 0, 0, 9)",YAHOOA3,1562.17655,1.0,False,arima,1.0,1.0,A3Benchmark-TS10,OK
500,"(None, 0, 0, 2)",YAHOOA3,1514.67761,1.0,False,arima,1.0,1.0,A3Benchmark-TS28,OK
501,"(None, 0, 9, 6)",YAHOOA3,1515.480949,0.5714285714285715,False,arima,1.0,0.4,A3Benchmark-TS14,OK
502,"(None, 0, 2, 4)",YAHOOA3,1476.547955,0.8,False,arima,1.0,0.6666666666666666,A3Benchmark-TS15,OK
503,"(None, 0, 0, 4)",YAHOOA3,1448.039176,1.0,False,arima,1.0,1.0,A3Benchmark-TS29,OK
504,"(None, 0, 0, 1)",YAHOOA3,1418.525461,1.0,False,arima,1.0,1.0,A3Benchmark-TS17,OK
505,"(None, 0, 4, 5)",YAHOOA3,1462.889069,0.7142857142857143,False,arima,1.0,0.5555555555555556,A3Benchmark-TS16,OK
506,"(None, 0, 0, 7)",YAHOOA3,1474.416199,1.0,False,arima,1.0,1.0,A3Benchmark-TS65,OK
507,"(None, 0, 9, 7)",YAHOOA3,1715.660732,0.6086956521739131,False,arima,1.0,0.4375,A3Benchmark-TS71,OK
508,"(None, 0, 7, 4)",YAHOOA3,1474.42539,0.5333333333333333,False,arima,1.0,0.36363636363636365,A3Benchmark-TS59,OK
509,"(None, 0, 0, 2)",YAHOOA3,1398.138,1.0,False,arima,1.0,1.0,A3Benchmark-TS5,OK
510,"(None, 0, 4, 2)",YAHOOA3,1448.208537,0.5,False,arima,1.0,0.3333333333333333,A3Benchmark-TS4,OK
511,"(None, 0, 1, 2)",YAHOOA3,1422.206875,0.8,False,arima,1.0,0.6666666666666666,A3Benchmark-TS58,OK
512,"(None, 0, 1, 8)",YAHOOA3,1558.593743,0.9411764705882353,False,arima,1.0,0.8888888888888888,A3Benchmark-TS70,OK
513,"(None, 0, 1, 7)",YAHOOA3,1600.886869,0.9333333333333333,False,arima,1.0,0.875,A3Benchmark-TS64,OK
514,"(None, 0, 6, 2)",YAHOOA3,1387.651267,0.4,False,arima,1.0,0.25,A3Benchmark-TS72,OK
515,"(None, 0, 0, 1)",YAHOOA3,1370.067014,1.0,False,arima,1.0,1.0,A3Benchmark-TS66,OK
516,"(None, 0, 1, 5)",YAHOOA3,1433.158309,0.9090909090909091,False,arima,1.0,0.8333333333333334,A3Benchmark-TS6,OK
517,"(None, 0, 0, 11)",YAHOOA3,1499.347737,1.0,False,arima,1.0,1.0,A3Benchmark-TS99,OK
518,"(None, 0, 6, 7)",YAHOOA3,1430.057699,0.7000000000000001,False,arima,1.0,0.5384615384615384,A3Benchmark-TS98,OK
519,"(None, 0, 1, 4)",YAHOOA3,1411.756125,0.888888888888889,False,arima,1.0,0.8,A3Benchmark-TS7,OK
520,"(None, 0, 5, 11)",YAHOOA3,1497.887921,0.8148148148148148,False,arima,1.0,0.6875,A3Benchmark-TS67,OK
521,"(None, 0, 10, 5)",YAHOOA3,1402.833189,0.5,False,arima,1.0,0.3333333333333333,A3Benchmark-TS73,OK
522,"(None, 0, 7, 9)",YAHOOA3,1537.624352,0.72,False,arima,1.0,0.5625,A3Benchmark-TS77,OK
523,"(None, 0, 0, 10)",YAHOOA3,1506.200828,1.0,False,arima,1.0,1.0,A3Benchmark-TS63,OK
524,"(None, 0, 8, 4)",YAHOOA3,1389.153841,0.5,False,arima,1.0,0.3333333333333333,A3Benchmark-TS88,OK
525,"(None, 0, 0, 6)",YAHOOA3,1447.377232,1.0,False,arima,1.0,1.0,A3Benchmark-TS3,OK
526,"(None, 0, 7, 9)",YAHOOA3,1535.389364,0.72,False,arima,1.0,0.5625,A3Benchmark-TS2,OK
527,"(None, 0, 4, 9)",YAHOOA3,1263.178018,0.8181818181818181,False,arima,1.0,0.6923076923076923,A3Benchmark-TS89,OK
528,"(None, 0, 3, 9)",YAHOOA3,1591.598425,0.8571428571428571,False,arima,1.0,0.75,A3Benchmark-TS62,OK
529,"(None, 0, 1, 4)",YAHOOA3,1414.222477,0.888888888888889,False,arima,1.0,0.8,A3Benchmark-TS76,OK
530,"(None, 0, 5, 8)",YAHOOA3,1414.735411,0.761904761904762,False,arima,1.0,0.6153846153846154,A3Benchmark-TS48,OK
531,"(None, 0, 7, 5)",YAHOOA3,1528.024174,0.5882352941176471,False,arima,1.0,0.4166666666666667,A3Benchmark-TS60,OK
532,"(None, 0, 2, 4)",YAHOOA3,1439.132739,0.8,False,arima,1.0,0.6666666666666666,A3Benchmark-TS74,OK
533,"(None, 0, 4, 7)",YAHOOA3,1646.844892,0.7777777777777778,False,arima,1.0,0.6363636363636364,A3Benchmark-TS1,OK
534,"(None, 0, 7, 7)",YAHOOA3,1474.31919,0.6666666666666666,False,arima,1.0,0.5,A3Benchmark-TS75,OK
535,"(None, 0, 3, 10)",YAHOOA3,1484.813452,0.8695652173913044,False,arima,1.0,0.7692307692307693,A3Benchmark-TS61,OK
536,"(None, 0, 14, 2)",YAHOOA3,1467.380294,0.2222222222222222,False,arima,1.0,0.125,A3Benchmark-TS49,OK
537,"(None, 0, 6, 10)",YAHOOA3,1465.860031,0.7692307692307693,False,arima,1.0,0.625,A3Benchmark-TS44,OK
538,"(None, 0, 1, 6)",YAHOOA3,1476.164448,0.923076923076923,False,arima,1.0,0.8571428571428571,A3Benchmark-TS50,OK
539,"(None, 0, 6, 9)",YAHOOA3,1480.727507,0.7499999999999999,False,arima,1.0,0.6,A3Benchmark-TS78,OK
540,"(None, 0, 3, 4)",YAHOOA3,1415.689488,0.7272727272727273,False,arima,1.0,0.5714285714285714,A3Benchmark-TS87,OK
541,"(None, 0, 6, 9)",YAHOOA3,1502.894595,0.7499999999999999,False,arima,1.0,0.6,A3Benchmark-TS93,OK
542,"(None, 0, 3, 5)",YAHOOA3,1444.584103,0.7692307692307693,False,arima,1.0,0.625,A3Benchmark-TS92,OK
543,"(None, 0, 1, 12)",YAHOOA3,1419.550767,0.9600000000000001,False,arima,1.0,0.9230769230769231,A3Benchmark-TS86,OK
544,"(None, 0, 1, 4)",YAHOOA3,1541.838998,0.888888888888889,False,arima,1.0,0.8,A3Benchmark-TS79,OK
545,"(None, 0, 2, 11)",YAHOOA3,1494.543515,0.9166666666666666,False,arima,1.0,0.8461538461538461,A3Benchmark-TS51,OK
546,"(None, 0, 3, 2)",YAHOOA3,1446.978295,0.5714285714285715,False,arima,1.0,0.4,A3Benchmark-TS45,OK
547,"(None, 0, 12, 3)",YAHOOA3,1517.729114,0.33333333333333337,False,arima,1.0,0.2,A3Benchmark-TS53,OK
548,"(None, 0, 6, 9)",YAHOOA3,1491.112702,0.7499999999999999,False,arima,1.0,0.6,A3Benchmark-TS47,OK
549,"(None, 0, 1, 9)",YAHOOA3,1478.585335,0.9473684210526316,False,arima,1.0,0.9,A3Benchmark-TS90,OK
550,"(None, 0, 2, 3)",YAHOOA3,1554.876668,0.7499999999999999,False,arima,1.0,0.6,A3Benchmark-TS84,OK
551,"(None, 0, 2, 6)",YAHOOA3,1505.100938,0.8571428571428571,False,arima,1.0,0.75,A3Benchmark-TS85,OK
552,"(None, 0, 1, 4)",YAHOOA3,1453.741664,0.888888888888889,False,arima,1.0,0.8,A3Benchmark-TS91,OK
553,"(None, 0, 1, 2)",YAHOOA3,1426.243253,0.8,False,arima,1.0,0.6666666666666666,A3Benchmark-TS46,OK
554,"(None, 0, 1, 5)",YAHOOA3,1533.707454,0.9090909090909091,False,arima,1.0,0.8333333333333334,A3Benchmark-TS52,OK
555,"(None, 0, 0, 1)",YAHOOA3,1503.326158,1.0,False,arima,1.0,1.0,A3Benchmark-TS56,OK
556,"(None, 0, 2, 14)",YAHOOA3,1452.564871,0.9333333333333333,False,arima,1.0,0.875,A3Benchmark-TS42,OK
557,"(None, 0, 11, 5)",YAHOOA3,1547.396907,0.47619047619047616,False,arima,1.0,0.3125,A3Benchmark-TS95,OK
558,"(None, 0, 4, 8)",YAHOOA3,1549.509033,0.8,False,arima,1.0,0.6666666666666666,A3Benchmark-TS81,OK
559,"(None, 0, 6, 7)",YAHOOA3,1432.62152,0.7000000000000001,False,arima,1.0,0.5384615384615384,A3Benchmark-TS80,OK
560,"(None, 0, 0, 3)",YAHOOA3,1649.077713,1.0,False,arima,1.0,1.0,A3Benchmark-TS94,OK
561,"(None, 0, 8, 7)",YAHOOA3,1564.500503,0.6363636363636364,False,arima,1.0,0.4666666666666667,A3Benchmark-TS43,OK
562,"(None, 0, 7, 2)",YAHOOA3,1451.062811,0.3636363636363636,False,arima,1.0,0.2222222222222222,A3Benchmark-TS57,OK
563,"(None, 0, 1, 6)",YAHOOA3,1462.899168,0.923076923076923,False,arima,1.0,0.8571428571428571,A3Benchmark-TS69,OK
564,"(None, 0, 4, 10)",YAHOOA3,1483.970883,0.8333333333333333,False,arima,1.0,0.7142857142857143,A3Benchmark-TS41,OK
565,"(None, 0, 6, 6)",YAHOOA3,1528.100553,0.6666666666666666,False,arima,1.0,0.5,A3Benchmark-TS55,OK
566,"(None, 0, 3, 7)",YAHOOA3,1527.067853,0.8235294117647058,False,arima,1.0,0.7,A3Benchmark-TS9,OK
567,"(None, 0, 4, 3)",YAHOOA3,1626.722382,0.6,False,arima,1.0,0.42857142857142855,A3Benchmark-TS82,OK
568,"(None, 0, 0, 5)",YAHOOA3,1464.445487,1.0,False,arima,1.0,1.0,A3Benchmark-TS96,OK
569,"(None, 0, 4, 6)",YAHOOA3,1595.388979,0.7499999999999999,False,arima,1.0,0.6,A3Benchmark-TS97,OK
570,"(None, 0, 4, 8)",YAHOOA3,1460.445401,0.8,False,arima,1.0,0.6666666666666666,A3Benchmark-TS83,OK
571,"(None, 0, 0, 4)",YAHOOA3,1217.882286,1.0,False,arima,1.0,1.0,A3Benchmark-TS8,OK
572,"(None, 0, 9, 6)",YAHOOA3,1455.621413,0.5714285714285715,False,arima,1.0,0.4,A3Benchmark-TS54,OK
573,"(None, 0, 2, 7)",YAHOOA3,1676.395542,0.8750000000000001,False,arima,1.0,0.7777777777777778,A3Benchmark-TS40,OK
574,"(None, 0, 7, 9)",YAHOOA3,1550.044312,0.72,False,arima,1.0,0.5625,A3Benchmark-TS68,OK
575,"(None, 0, 2, 8)",YAHOOA3,1455.03172,0.888888888888889,False,arima,1.0,0.8,A3Benchmark-TS100,OK
576,"(None, 0, 2, 7)",YAHOOA3,1487.163406,0.8750000000000001,False,arima,1.0,0.7777777777777778,A3Benchmark-TS27,OK
577,"(None, 1, 3, 5)",YAHOOA3,1657.103201,0.7142857142857143,False,arima,0.8333333333333334,0.625,A3Benchmark-TS33,OK
578,"(None, 0, 4, 10)",YAHOOA3,1479.823764,0.8333333333333333,False,arima,1.0,0.7142857142857143,A3Benchmark-TS32,OK
579,"(None, 0, 3, 8)",YAHOOA3,1435.636604,0.8421052631578948,False,arima,1.0,0.7272727272727273,A3Benchmark-TS26,OK
580,"(None, 0, 3, 5)",YAHOOA3,1557.841495,0.7692307692307693,False,arima,1.0,0.625,A3Benchmark-TS30,OK
581,"(None, 0, 1, 7)",YAHOOA3,1331.445073,0.9333333333333333,False,arima,1.0,0.875,A3Benchmark-TS24,OK
582,"(None, 0, 4, 8)",YAHOOA3,1446.000855,0.8,False,arima,1.0,0.6666666666666666,A3Benchmark-TS18,OK
583,"(None, 0, 2, 8)",YAHOOA3,1416.828693,0.888888888888889,False,arima,1.0,0.8,A3Benchmark-TS19,OK
584,"(None, 0, 0, 2)",YAHOOA3,1403.418623,1.0,False,arima,1.0,1.0,A3Benchmark-TS25,OK
585,"(None, 0, 0, 7)",YAHOOA3,1450.473672,1.0,False,arima,1.0,1.0,A3Benchmark-TS31,OK
586,"(None, 0, 0, 3)",YAHOOA3,1408.445529,1.0,False,arima,1.0,1.0,A3Benchmark-TS35,OK
587,"(None, 0, 2, 10)",YAHOOA3,1477.032367,0.9090909090909091,False,arima,1.0,0.8333333333333334,A3Benchmark-TS21,OK
588,"(None, 0, 4, 8)",YAHOOA3,1437.666866,0.8,False,arima,1.0,0.6666666666666666,A3Benchmark-TS20,OK
589,0,YAHOOA3,0.0,0.0,False,arima,0.0,0.0,A3Benchmark-TS34,ERROR
590,"(None, 0, 0, 4)",YAHOOA3,1361.612032,1.0,False,arima,1.0,1.0,A3Benchmark-TS22,OK
591,"(None, 0, 0, 4)",YAHOOA3,1412.487548,1.0,False,arima,1.0,1.0,A3Benchmark-TS36,OK
592,"(None, 0, 1, 9)",YAHOOA3,1590.335976,0.9473684210526316,False,arima,1.0,0.9,A3Benchmark-TS37,OK
593,"(None, 0, 11, 4)",YAHOOA3,1579.703561,0.4210526315789474,False,arima,1.0,0.26666666666666666,A3Benchmark-TS23,OK
594,"(None, 0, 3, 10)",YAHOOA3,77.541965,0.8695652173913044,False,lstm_dynamic_threshold,1.0,0.7692307692307693,A3Benchmark-TS12,OK
595,"(None, 0, 4, 5)",YAHOOA3,78.817458,0.7142857142857143,False,lstm_dynamic_threshold,1.0,0.5555555555555556,A3Benchmark-TS13,OK
596,"(None, 0, 3, 4)",YAHOOA3,71.273283,0.7272727272727273,False,lstm_dynamic_threshold,1.0,0.5714285714285714,A3Benchmark-TS11,OK
597,"(None, 0, 8, 4)",YAHOOA3,79.987081,0.5,False,lstm_dynamic_threshold,1.0,0.3333333333333333,A3Benchmark-TS39,OK
598,"(None, 0, 1, 2)",YAHOOA3,81.772834,0.8,False,lstm_dynamic_threshold,1.0,0.6666666666666666,A3Benchmark-TS38,OK
599,"(None, 0, 2, 7)",YAHOOA3,71.937849,0.8750000000000001,False,lstm_dynamic_threshold,1.0,0.7777777777777778,A3Benchmark-TS10,OK
600,"(None, 0, 0, 2)",YAHOOA3,78.499129,1.0,False,lstm_dynamic_threshold,1.0,1.0,A3Benchmark-TS28,OK
601,"(None, 0, 9, 6)",YAHOOA3,185.607876,0.5714285714285715,False,lstm_dynamic_threshold,1.0,0.4,A3Benchmark-TS14,OK
602,"(None, 0, 2, 4)",YAHOOA3,79.998854,0.8,False,lstm_dynamic_threshold,1.0,0.6666666666666666,A3Benchmark-TS15,OK
603,"(None, 0, 0, 4)",YAHOOA3,83.435048,1.0,False,lstm_dynamic_threshold,1.0,1.0,A3Benchmark-TS29,OK
604,"(None, 0, 0, 1)",YAHOOA3,71.844869,1.0,False,lstm_dynamic_threshold,1.0,1.0,A3Benchmark-TS17,OK
605,"(None, 0, 5, 4)",YAHOOA3,85.237501,0.6153846153846153,False,lstm_dynamic_threshold,1.0,0.4444444444444444,A3Benchmark-TS16,OK
606,"(None, 0, 1, 6)",YAHOOA3,76.582114,0.923076923076923,False,lstm_dynamic_threshold,1.0,0.8571428571428571,A3Benchmark-TS65,OK
607,"(None, 0, 12, 4)",YAHOOA3,76.944404,0.4,False,lstm_dynamic_threshold,1.0,0.25,A3Benchmark-TS71,OK
608,"(None, 0, 6, 5)",YAHOOA3,77.74782,0.625,False,lstm_dynamic_threshold,1.0,0.45454545454545453,A3Benchmark-TS59,OK
609,"(None, 0, 0, 2)",YAHOOA3,79.586783,1.0,False,lstm_dynamic_threshold,1.0,1.0,A3Benchmark-TS5,OK
610,"(None, 0, 3, 3)",YAHOOA3,81.39652,0.6666666666666666,False,lstm_dynamic_threshold,1.0,0.5,A3Benchmark-TS4,OK
611,"(None, 0, 1, 2)",YAHOOA3,87.39438,0.8,False,lstm_dynamic_threshold,1.0,0.6666666666666666,A3Benchmark-TS58,OK
612,"(None, 0, 2, 7)",YAHOOA3,73.603025,0.8750000000000001,False,lstm_dynamic_threshold,1.0,0.7777777777777778,A3Benchmark-TS70,OK
613,"(None, 0, 1, 7)",YAHOOA3,73.106887,0.9333333333333333,False,lstm_dynamic_threshold,1.0,0.875,A3Benchmark-TS64,OK
614,"(None, 1, 5, 3)",YAHOOA3,87.497761,0.5,False,lstm_dynamic_threshold,0.75,0.375,A3Benchmark-TS72,OK
615,"(None, 0, 0, 1)",YAHOOA3,71.924616,1.0,False,lstm_dynamic_threshold,1.0,1.0,A3Benchmark-TS66,OK
616,"(None, 1, 1, 5)",YAHOOA3,65.955938,0.8333333333333334,False,lstm_dynamic_threshold,0.8333333333333334,0.8333333333333334,A3Benchmark-TS6,OK
617,"(None, 0, 0, 11)",YAHOOA3,74.499722,1.0,False,lstm_dynamic_threshold,1.0,1.0,A3Benchmark-TS99,OK
618,"(None, 0, 3, 10)",YAHOOA3,73.358629,0.8695652173913044,False,lstm_dynamic_threshold,1.0,0.7692307692307693,A3Benchmark-TS98,OK
619,"(None, 1, 1, 4)",YAHOOA3,78.427529,0.8000000000000002,False,lstm_dynamic_threshold,0.8,0.8,A3Benchmark-TS7,OK
620,"(None, 0, 8, 8)",YAHOOA3,73.195221,0.6666666666666666,False,lstm_dynamic_threshold,1.0,0.5,A3Benchmark-TS67,OK
621,0,YAHOOA3,0.0,0.0,False,lstm_dynamic_threshold,0.0,0.0,A3Benchmark-TS73,ERROR
622,"(None, 0, 8, 8)",YAHOOA3,75.127406,0.6666666666666666,False,lstm_dynamic_threshold,1.0,0.5,A3Benchmark-TS77,OK
623,"(None, 0, 3, 7)",YAHOOA3,78.89914,0.8235294117647058,False,lstm_dynamic_threshold,1.0,0.7,A3Benchmark-TS63,OK
624,"(None, 0, 10, 2)",YAHOOA3,81.668494,0.2857142857142857,False,lstm_dynamic_threshold,1.0,0.16666666666666666,A3Benchmark-TS88,OK
625,"(None, 0, 1, 5)",YAHOOA3,80.087531,0.9090909090909091,False,lstm_dynamic_threshold,1.0,0.8333333333333334,A3Benchmark-TS3,OK
626,0,YAHOOA3,0.0,0.0,False,lstm_dynamic_threshold,0.0,0.0,A3Benchmark-TS2,ERROR
627,"(None, 0, 4, 9)",YAHOOA3,78.261577,0.8181818181818181,False,lstm_dynamic_threshold,1.0,0.6923076923076923,A3Benchmark-TS89,OK
628,"(None, 0, 9, 3)",YAHOOA3,91.608872,0.4,False,lstm_dynamic_threshold,1.0,0.25,A3Benchmark-TS62,OK
629,"(None, 0, 1, 4)",YAHOOA3,75.733802,0.888888888888889,False,lstm_dynamic_threshold,1.0,0.8,A3Benchmark-TS76,OK
630,"(None, 0, 7, 6)",YAHOOA3,75.172232,0.631578947368421,False,lstm_dynamic_threshold,1.0,0.46153846153846156,A3Benchmark-TS48,OK
631,"(None, 0, 5, 7)",YAHOOA3,72.655512,0.7368421052631579,False,lstm_dynamic_threshold,1.0,0.5833333333333334,A3Benchmark-TS60,OK
632,"(None, 0, 2, 4)",YAHOOA3,71.803982,0.8,False,lstm_dynamic_threshold,1.0,0.6666666666666666,A3Benchmark-TS74,OK
633,"(None, 0, 5, 6)",YAHOOA3,75.718163,0.7058823529411764,False,lstm_dynamic_threshold,1.0,0.5454545454545454,A3Benchmark-TS1,OK
634,"(None, 0, 3, 11)",YAHOOA3,81.794382,0.88,False,lstm_dynamic_threshold,1.0,0.7857142857142857,A3Benchmark-TS75,OK
635,"(None, 0, 4, 9)",YAHOOA3,79.651771,0.8181818181818181,False,lstm_dynamic_threshold,1.0,0.6923076923076923,A3Benchmark-TS61,OK
636,"(None, 0, 13, 3)",YAHOOA3,77.297488,0.3157894736842105,False,lstm_dynamic_threshold,1.0,0.1875,A3Benchmark-TS49,OK
637,"(None, 0, 8, 8)",YAHOOA3,67.200321,0.6666666666666666,False,lstm_dynamic_threshold,1.0,0.5,A3Benchmark-TS44,OK
638,"(None, 0, 1, 6)",YAHOOA3,75.929209,0.923076923076923,False,lstm_dynamic_threshold,1.0,0.8571428571428571,A3Benchmark-TS50,OK
639,"(None, 0, 8, 7)",YAHOOA3,72.781282,0.6363636363636364,False,lstm_dynamic_threshold,1.0,0.4666666666666667,A3Benchmark-TS78,OK
640,"(None, 0, 3, 4)",YAHOOA3,74.812436,0.7272727272727273,False,lstm_dynamic_threshold,1.0,0.5714285714285714,A3Benchmark-TS87,OK
641,"(None, 0, 4, 11)",YAHOOA3,70.357972,0.846153846153846,False,lstm_dynamic_threshold,1.0,0.7333333333333333,A3Benchmark-TS93,OK
642,"(None, 0, 3, 5)",YAHOOA3,77.025992,0.7692307692307693,False,lstm_dynamic_threshold,1.0,0.625,A3Benchmark-TS92,OK
643,"(None, 0, 1, 12)",YAHOOA3,79.697337,0.9600000000000001,False,lstm_dynamic_threshold,1.0,0.9230769230769231,A3Benchmark-TS86,OK
644,"(None, 1, 1, 4)",YAHOOA3,76.2248,0.8000000000000002,False,lstm_dynamic_threshold,0.8,0.8,A3Benchmark-TS79,OK
645,"(None, 0, 8, 5)",YAHOOA3,74.936327,0.5555555555555556,False,lstm_dynamic_threshold,1.0,0.38461538461538464,A3Benchmark-TS51,OK
646,"(None, 0, 2, 3)",YAHOOA3,75.466573,0.7499999999999999,False,lstm_dynamic_threshold,1.0,0.6,A3Benchmark-TS45,OK
647,"(None, 0, 9, 6)",YAHOOA3,77.326594,0.5714285714285715,False,lstm_dynamic_threshold,1.0,0.4,A3Benchmark-TS53,OK
648,"(None, 0, 8, 7)",YAHOOA3,79.35873,0.6363636363636364,False,lstm_dynamic_threshold,1.0,0.4666666666666667,A3Benchmark-TS47,OK
649,"(None, 0, 1, 9)",YAHOOA3,73.838586,0.9473684210526316,False,lstm_dynamic_threshold,1.0,0.9,A3Benchmark-TS90,OK
650,"(None, 0, 1, 4)",YAHOOA3,83.147012,0.888888888888889,False,lstm_dynamic_threshold,1.0,0.8,A3Benchmark-TS84,OK
651,"(None, 0, 2, 6)",YAHOOA3,88.092343,0.8571428571428571,False,lstm_dynamic_threshold,1.0,0.75,A3Benchmark-TS85,OK
652,"(None, 0, 1, 4)",YAHOOA3,82.076455,0.888888888888889,False,lstm_dynamic_threshold,1.0,0.8,A3Benchmark-TS91,OK
653,"(None, 0, 0, 3)",YAHOOA3,75.244084,1.0,False,lstm_dynamic_threshold,1.0,1.0,A3Benchmark-TS46,OK
654,"(None, 0, 1, 5)",YAHOOA3,81.441656,0.9090909090909091,False,lstm_dynamic_threshold,1.0,0.8333333333333334,A3Benchmark-TS52,OK
655,"(None, 1, 0, 1)",YAHOOA3,80.280904,0.6666666666666666,False,lstm_dynamic_threshold,0.5,1.0,A3Benchmark-TS56,OK
656,"(None, 0, 6, 10)",YAHOOA3,77.009974,0.7692307692307693,False,lstm_dynamic_threshold,1.0,0.625,A3Benchmark-TS42,OK
657,"(None, 0, 12, 4)",YAHOOA3,80.218367,0.4,False,lstm_dynamic_threshold,1.0,0.25,A3Benchmark-TS95,OK
658,"(None, 0, 6, 6)",YAHOOA3,75.041341,0.6666666666666666,False,lstm_dynamic_threshold,1.0,0.5,A3Benchmark-TS81,OK
659,"(None, 0, 5, 8)",YAHOOA3,77.818475,0.761904761904762,False,lstm_dynamic_threshold,1.0,0.6153846153846154,A3Benchmark-TS80,OK
660,"(None, 0, 0, 3)",YAHOOA3,76.494923,1.0,False,lstm_dynamic_threshold,1.0,1.0,A3Benchmark-TS94,OK
661,"(None, 0, 7, 8)",YAHOOA3,96.060805,0.6956521739130436,False,lstm_dynamic_threshold,1.0,0.5333333333333333,A3Benchmark-TS43,OK
662,"(None, 0, 5, 4)",YAHOOA3,83.754907,0.6153846153846153,False,lstm_dynamic_threshold,1.0,0.4444444444444444,A3Benchmark-TS57,OK
663,"(None, 0, 1, 6)",YAHOOA3,75.983817,0.923076923076923,False,lstm_dynamic_threshold,1.0,0.8571428571428571,A3Benchmark-TS69,OK
664,"(None, 0, 3, 11)",YAHOOA3,78.284354,0.88,False,lstm_dynamic_threshold,1.0,0.7857142857142857,A3Benchmark-TS41,OK
665,"(None, 0, 4, 8)",YAHOOA3,82.159603,0.8,False,lstm_dynamic_threshold,1.0,0.6666666666666666,A3Benchmark-TS55,OK
666,"(None, 0, 5, 5)",YAHOOA3,83.347245,0.6666666666666666,False,lstm_dynamic_threshold,1.0,0.5,A3Benchmark-TS9,OK
667,"(None, 1, 6, 1)",YAHOOA3,75.124848,0.22222222222222224,False,lstm_dynamic_threshold,0.5,0.14285714285714285,A3Benchmark-TS82,OK
668,"(None, 0, 0, 5)",YAHOOA3,77.100053,1.0,False,lstm_dynamic_threshold,1.0,1.0,A3Benchmark-TS96,OK
669,"(None, 0, 5, 5)",YAHOOA3,73.739777,0.6666666666666666,False,lstm_dynamic_threshold,1.0,0.5,A3Benchmark-TS97,OK
670,"(None, 0, 4, 8)",YAHOOA3,75.972934,0.8,False,lstm_dynamic_threshold,1.0,0.6666666666666666,A3Benchmark-TS83,OK
671,"(None, 0, 0, 4)",YAHOOA3,78.696498,1.0,False,lstm_dynamic_threshold,1.0,1.0,A3Benchmark-TS8,OK
672,"(None, 0, 8, 7)",YAHOOA3,74.602577,0.6363636363636364,False,lstm_dynamic_threshold,1.0,0.4666666666666667,A3Benchmark-TS54,OK
673,"(None, 0, 2, 7)",YAHOOA3,76.299597,0.8750000000000001,False,lstm_dynamic_threshold,1.0,0.7777777777777778,A3Benchmark-TS40,OK
674,"(None, 0, 11, 5)",YAHOOA3,75.764339,0.47619047619047616,False,lstm_dynamic_threshold,1.0,0.3125,A3Benchmark-TS68,OK
675,"(None, 0, 2, 8)",YAHOOA3,75.023305,0.888888888888889,False,lstm_dynamic_threshold,1.0,0.8,A3Benchmark-TS100,OK
676,"(None, 0, 4, 5)",YAHOOA3,79.414735,0.7142857142857143,False,lstm_dynamic_threshold,1.0,0.5555555555555556,A3Benchmark-TS27,OK
677,"(None, 1, 3, 5)",YAHOOA3,83.491157,0.7142857142857143,False,lstm_dynamic_threshold,0.8333333333333334,0.625,A3Benchmark-TS33,OK
678,"(None, 0, 5, 9)",YAHOOA3,84.812325,0.782608695652174,False,lstm_dynamic_threshold,1.0,0.6428571428571429,A3Benchmark-TS32,OK
679,"(None, 0, 4, 7)",YAHOOA3,79.929314,0.7777777777777778,False,lstm_dynamic_threshold,1.0,0.6363636363636364,A3Benchmark-TS26,OK
680,"(None, 0, 1, 7)",YAHOOA3,70.645757,0.9333333333333333,False,lstm_dynamic_threshold,1.0,0.875,A3Benchmark-TS30,OK
681,"(None, 0, 1, 7)",YAHOOA3,78.564732,0.9333333333333333,False,lstm_dynamic_threshold,1.0,0.875,A3Benchmark-TS24,OK
682,"(None, 0, 4, 8)",YAHOOA3,80.543549,0.8,False,lstm_dynamic_threshold,1.0,0.6666666666666666,A3Benchmark-TS18,OK
683,"(None, 0, 3, 7)",YAHOOA3,84.217217,0.8235294117647058,False,lstm_dynamic_threshold,1.0,0.7,A3Benchmark-TS19,OK
684,"(None, 1, 0, 2)",YAHOOA3,87.996105,0.8,False,lstm_dynamic_threshold,0.6666666666666666,1.0,A3Benchmark-TS25,OK
685,"(None, 0, 2, 5)",YAHOOA3,80.470191,0.8333333333333333,False,lstm_dynamic_threshold,1.0,0.7142857142857143,A3Benchmark-TS31,OK
686,"(None, 0, 0, 3)",YAHOOA3,83.445437,1.0,False,lstm_dynamic_threshold,1.0,1.0,A3Benchmark-TS35,OK
687,"(None, 0, 5, 7)",YAHOOA3,79.877212,0.7368421052631579,False,lstm_dynamic_threshold,1.0,0.5833333333333334,A3Benchmark-TS21,OK
688,"(None, 0, 1, 11)",YAHOOA3,77.601996,0.9565217391304348,False,lstm_dynamic_threshold,1.0,0.9166666666666666,A3Benchmark-TS20,OK
689,0,YAHOOA3,0.0,0.0,False,lstm_dynamic_threshold,0.0,0.0,A3Benchmark-TS34,ERROR
690,"(None, 0, 0, 4)",YAHOOA3,79.936131,1.0,False,lstm_dynamic_threshold,1.0,1.0,A3Benchmark-TS22,OK
691,"(None, 0, 0, 4)",YAHOOA3,77.096743,1.0,False,lstm_dynamic_threshold,1.0,1.0,A3Benchmark-TS36,OK
692,"(None, 0, 3, 7)",YAHOOA3,89.395553,0.8235294117647058,False,lstm_dynamic_threshold,1.0,0.7,A3Benchmark-TS37,OK
693,"(None, 0, 5, 10)",YAHOOA3,132.86669,0.8,False,lstm_dynamic_threshold,1.0,0.6666666666666666,A3Benchmark-TS23,OK
694,"(None, 0, 13, 2)",YAHOOA4,1785.969907,0.23529411764705882,False,arima,1.0,0.13333333333333333,A4Benchmark-TS99,OK
695,"(None, 0, 2, 3)",YAHOOA4,1651.135679,0.7499999999999999,False,arima,1.0,0.6,A4Benchmark-TS72,OK
696,0,YAHOOA4,0.0,0.0,False,arima,0.0,0.0,A4Benchmark-TS66,ERROR
697,"(None, 0, 3, 11)",YAHOOA4,1722.151316,0.88,False,arima,1.0,0.7857142857142857,A4Benchmark-TS67,OK
698,"(None, 0, 0, 5)",YAHOOA4,1681.393123,1.0,False,arima,1.0,1.0,A4Benchmark-TS73,OK
699,"(None, 0, 6, 9)",YAHOOA4,1539.749251,0.7499999999999999,False,arima,1.0,0.6,A4Benchmark-TS98,OK
700,"(None, 0, 6, 9)",YAHOOA4,1580.185771,0.7499999999999999,False,arima,1.0,0.6,A4Benchmark-TS65,OK
701,"(None, 0, 6, 4)",YAHOOA4,1643.013095,0.5714285714285715,False,arima,1.0,0.4,A4Benchmark-TS71,OK
702,"(None, 1, 0, 1)",YAHOOA4,1762.698241,0.6666666666666666,False,arima,0.5,1.0,A4Benchmark-TS59,OK
703,"(None, 2, 8, 0)",YAHOOA4,1479.1159,,False,arima,0.0,0.0,A4Benchmark-TS58,OK
704,"(None, 0, 2, 2)",YAHOOA4,1420.125815,0.6666666666666666,False,arima,1.0,0.5,A4Benchmark-TS70,OK
705,"(None, 0, 1, 4)",YAHOOA4,1568.29689,0.888888888888889,False,arima,1.0,0.8,A4Benchmark-TS64,OK
706,"(None, 0, 6, 6)",YAHOOA4,1565.472754,0.6666666666666666,False,arima,1.0,0.5,A4Benchmark-TS48,OK
707,"(None, 1, 1, 2)",YAHOOA4,1458.084916,0.6666666666666666,False,arima,0.6666666666666666,0.6666666666666666,A4Benchmark-TS60,OK
708,"(None, 1, 0, 2)",YAHOOA4,1551.965761,0.8,False,arima,0.6666666666666666,1.0,A4Benchmark-TS74,OK
709,"(None, 0, 6, 7)",YAHOOA4,1556.021311,0.7000000000000001,False,arima,1.0,0.5384615384615384,A4Benchmark-TS75,OK
710,"(None, 0, 0, 3)",YAHOOA4,1399.148769,1.0,False,arima,1.0,1.0,A4Benchmark-TS61,OK
711,"(None, 0, 0, 9)",YAHOOA4,1461.90156,1.0,False,arima,1.0,1.0,A4Benchmark-TS49,OK
712,"(None, 0, 6, 7)",YAHOOA4,1549.287656,0.7000000000000001,False,arima,1.0,0.5384615384615384,A4Benchmark-TS88,OK
713,"(None, 0, 6, 6)",YAHOOA4,1585.78832,0.6666666666666666,False,arima,1.0,0.5,A4Benchmark-TS77,OK
714,"(None, 0, 3, 4)",YAHOOA4,1523.721389,0.7272727272727273,False,arima,1.0,0.5714285714285714,A4Benchmark-TS63,OK
715,"(None, 0, 9, 5)",YAHOOA4,1644.788692,0.5263157894736842,False,arima,1.0,0.35714285714285715,A4Benchmark-TS62,OK
716,"(None, 0, 6, 5)",YAHOOA4,1596.311697,0.625,False,arima,1.0,0.45454545454545453,A4Benchmark-TS76,OK
717,"(None, 0, 2, 7)",YAHOOA4,1529.515231,0.8750000000000001,False,arima,1.0,0.7777777777777778,A4Benchmark-TS89,OK
718,"(None, 0, 2, 3)",YAHOOA4,1480.746205,0.7499999999999999,False,arima,1.0,0.6,A4Benchmark-TS11,OK
719,"(None, 0, 5, 11)",YAHOOA4,1541.901568,0.8148148148148148,False,arima,1.0,0.6875,A4Benchmark-TS39,OK
720,"(None, 0, 3, 6)",YAHOOA4,1628.246691,0.8,False,arima,1.0,0.6666666666666666,A4Benchmark-TS38,OK
721,"(None, 0, 3, 1)",YAHOOA4,1476.754118,0.4,False,arima,1.0,0.25,A4Benchmark-TS10,OK
722,"(None, 0, 4, 9)",YAHOOA4,1655.872801,0.8181818181818181,False,arima,1.0,0.6923076923076923,A4Benchmark-TS8,OK
723,"(None, 2, 2, 3)",YAHOOA4,1690.224242,0.6,False,arima,0.6,0.6,A4Benchmark-TS12,OK
724,"(None, 0, 5, 9)",YAHOOA4,1541.078784,0.782608695652174,False,arima,1.0,0.6428571428571429,A4Benchmark-TS13,OK
725,"(None, 1, 0, 1)",YAHOOA4,1598.647901,0.6666666666666666,False,arima,0.5,1.0,A4Benchmark-TS9,OK
726,"(None, 0, 4, 3)",YAHOOA4,1483.83586,0.6,False,arima,1.0,0.42857142857142855,A4Benchmark-TS100,OK
727,"(None, 0, 3, 7)",YAHOOA4,1553.197092,0.8235294117647058,False,arima,1.0,0.7,A4Benchmark-TS17,OK
728,"(None, 0, 0, 1)",YAHOOA4,1403.897988,1.0,False,arima,1.0,1.0,A4Benchmark-TS16,OK
729,"(None, 1, 10, 2)",YAHOOA4,1463.738486,0.26666666666666666,False,arima,0.6666666666666666,0.16666666666666666,A4Benchmark-TS28,OK
730,"(None, 1, 6, 5)",YAHOOA4,1620.959866,0.5882352941176471,False,arima,0.8333333333333334,0.45454545454545453,A4Benchmark-TS14,OK
731,"(None, 0, 4, 5)",YAHOOA4,1551.590196,0.7142857142857143,False,arima,1.0,0.5555555555555556,A4Benchmark-TS15,OK
732,"(None, 0, 9, 5)",YAHOOA4,1475.281521,0.5263157894736842,False,arima,1.0,0.35714285714285715,A4Benchmark-TS29,OK
733,"(None, 0, 0, 5)",YAHOOA4,1547.841176,1.0,False,arima,1.0,1.0,A4Benchmark-TS2,OK
734,"(None, 0, 0, 5)",YAHOOA4,1427.227637,1.0,False,arima,1.0,1.0,A4Benchmark-TS30,OK
735,"(None, 1, 7, 2)",YAHOOA4,1477.263891,0.3333333333333333,False,arima,0.6666666666666666,0.2222222222222222,A4Benchmark-TS24,OK
736,"(None, 1, 0, 1)",YAHOOA4,1580.067465,0.6666666666666666,False,arima,0.5,1.0,A4Benchmark-TS18,OK
737,"(None, 0, 7, 5)",YAHOOA4,1568.647933,0.5882352941176471,False,arima,1.0,0.4166666666666667,A4Benchmark-TS19,OK
738,"(None, 2, 9, 2)",YAHOOA4,1613.794732,0.26666666666666666,False,arima,0.5,0.18181818181818182,A4Benchmark-TS25,OK
739,"(None, 1, 2, 2)",YAHOOA4,1753.528158,0.5714285714285715,False,arima,0.6666666666666666,0.5,A4Benchmark-TS31,OK
740,"(None, 0, 2, 4)",YAHOOA4,1499.564012,0.8,False,arima,1.0,0.6666666666666666,A4Benchmark-TS3,OK
741,"(None, 0, 5, 8)",YAHOOA4,1701.251483,0.761904761904762,False,arima,1.0,0.6153846153846154,A4Benchmark-TS1,OK
742,0,YAHOOA4,0.0,0.0,False,arima,0.0,0.0,A4Benchmark-TS27,ERROR
743,"(None, 0, 1, 3)",YAHOOA4,1207.586152,0.8571428571428571,False,arima,1.0,0.75,A4Benchmark-TS33,OK
744,"(None, 0, 10, 1)",YAHOOA4,1593.785209,0.16666666666666669,False,arima,1.0,0.09090909090909091,A4Benchmark-TS32,OK
745,"(None, 0, 1, 1)",YAHOOA4,1518.442562,0.6666666666666666,False,arima,1.0,0.5,A4Benchmark-TS26,OK
746,"(None, 0, 4, 2)",YAHOOA4,1416.840732,0.5,False,arima,1.0,0.3333333333333333,A4Benchmark-TS4,OK
747,"(None, 0, 5, 5)",YAHOOA4,1583.071173,0.6666666666666666,False,arima,1.0,0.5,A4Benchmark-TS22,OK
748,"(None, 0, 5, 10)",YAHOOA4,1521.888764,0.8,False,arima,1.0,0.6666666666666666,A4Benchmark-TS36,OK
749,"(None, 1, 0, 3)",YAHOOA4,1508.074953,0.8571428571428571,False,arima,0.75,1.0,A4Benchmark-TS37,OK
750,"(None, 0, 0, 4)",YAHOOA4,1502.334021,1.0,False,arima,1.0,1.0,A4Benchmark-TS23,OK
751,"(None, 0, 1, 5)",YAHOOA4,1548.494578,0.9090909090909091,False,arima,1.0,0.8333333333333334,A4Benchmark-TS5,OK
752,"(None, 1, 10, 4)",YAHOOA4,1688.100306,0.4210526315789473,False,arima,0.8,0.2857142857142857,A4Benchmark-TS7,OK
753,"(None, 0, 8, 4)",YAHOOA4,1563.260533,0.5,False,arima,1.0,0.3333333333333333,A4Benchmark-TS35,OK
754,"(None, 0, 3, 10)",YAHOOA4,1501.701461,0.8695652173913044,False,arima,1.0,0.7692307692307693,A4Benchmark-TS21,OK
755,"(None, 0, 9, 4)",YAHOOA4,1519.287653,0.47058823529411764,False,arima,1.0,0.3076923076923077,A4Benchmark-TS20,OK
756,"(None, 0, 4, 4)",YAHOOA4,1723.984554,0.6666666666666666,False,arima,1.0,0.5,A4Benchmark-TS34,OK
757,"(None, 0, 4, 4)",YAHOOA4,1453.198995,0.6666666666666666,False,arima,1.0,0.5,A4Benchmark-TS6,OK
758,"(None, 0, 3, 9)",YAHOOA4,1235.512959,0.8571428571428571,False,arima,1.0,0.75,A4Benchmark-TS90,OK
759,"(None, 0, 1, 2)",YAHOOA4,1541.973489,0.8,False,arima,1.0,0.6666666666666666,A4Benchmark-TS84,OK
760,"(None, 0, 0, 2)",YAHOOA4,1593.011981,1.0,False,arima,1.0,1.0,A4Benchmark-TS53,OK
761,"(None, 0, 0, 1)",YAHOOA4,1398.350773,1.0,False,arima,1.0,1.0,A4Benchmark-TS47,OK
762,"(None, 0, 5, 4)",YAHOOA4,1429.968086,0.6153846153846153,False,arima,1.0,0.4444444444444444,A4Benchmark-TS46,OK
763,"(None, 0, 6, 5)",YAHOOA4,1515.971802,0.625,False,arima,1.0,0.45454545454545453,A4Benchmark-TS52,OK
764,"(None, 0, 8, 8)",YAHOOA4,1462.946895,0.6666666666666666,False,arima,1.0,0.5,A4Benchmark-TS85,OK
765,"(None, 0, 5, 7)",YAHOOA4,1621.537998,0.7368421052631579,False,arima,1.0,0.5833333333333334,A4Benchmark-TS91,OK
766,"(None, 0, 0, 1)",YAHOOA4,1396.3841,1.0,False,arima,1.0,1.0,A4Benchmark-TS87,OK
767,"(None, 0, 1, 5)",YAHOOA4,1539.350153,0.9090909090909091,False,arima,1.0,0.8333333333333334,A4Benchmark-TS93,OK
768,"(None, 0, 7, 9)",YAHOOA4,1528.978426,0.72,False,arima,1.0,0.5625,A4Benchmark-TS44,OK
769,"(None, 0, 6, 1)",YAHOOA4,1676.695825,0.25,False,arima,1.0,0.14285714285714285,A4Benchmark-TS50,OK
770,"(None, 0, 4, 9)",YAHOOA4,1710.615273,0.8181818181818181,False,arima,1.0,0.6923076923076923,A4Benchmark-TS78,OK
771,"(None, 0, 2, 1)",YAHOOA4,1650.371792,0.5,False,arima,1.0,0.3333333333333333,A4Benchmark-TS79,OK
772,"(None, 0, 0, 1)",YAHOOA4,1528.835975,1.0,False,arima,1.0,1.0,A4Benchmark-TS51,OK
773,"(None, 0, 0, 7)",YAHOOA4,1652.465517,1.0,False,arima,1.0,1.0,A4Benchmark-TS45,OK
774,"(None, 0, 2, 13)",YAHOOA4,1521.016633,0.9285714285714286,False,arima,1.0,0.8666666666666667,A4Benchmark-TS92,OK
775,"(None, 0, 7, 8)",YAHOOA4,1558.959432,0.6956521739130436,False,arima,1.0,0.5333333333333333,A4Benchmark-TS86,OK
776,"(None, 0, 3, 11)",YAHOOA4,1557.929732,0.88,False,arima,1.0,0.7857142857142857,A4Benchmark-TS82,OK
777,"(None, 1, 1, 1)",YAHOOA4,1495.150375,0.5,False,arima,0.5,0.5,A4Benchmark-TS96,OK
778,"(None, 1, 1, 1)",YAHOOA4,1472.958761,0.5,False,arima,0.5,0.5,A4Benchmark-TS69,OK
779,"(None, 0, 12, 1)",YAHOOA4,1567.425843,0.14285714285714288,False,arima,1.0,0.07692307692307693,A4Benchmark-TS41,OK
780,"(None, 0, 0, 2)",YAHOOA4,1488.120818,1.0,False,arima,1.0,1.0,A4Benchmark-TS55,OK
781,"(None, 0, 0, 3)",YAHOOA4,1357.82133,1.0,False,arima,1.0,1.0,A4Benchmark-TS54,OK
782,"(None, 0, 0, 6)",YAHOOA4,1603.0587,1.0,False,arima,1.0,1.0,A4Benchmark-TS40,OK
783,"(None, 0, 0, 1)",YAHOOA4,1371.20417,1.0,False,arima,1.0,1.0,A4Benchmark-TS68,OK
784,"(None, 0, 10, 6)",YAHOOA4,1548.74002,0.5454545454545454,False,arima,1.0,0.375,A4Benchmark-TS97,OK
785,"(None, 1, 1, 2)",YAHOOA4,1488.445418,0.6666666666666666,False,arima,0.6666666666666666,0.6666666666666666,A4Benchmark-TS83,OK
786,"(None, 0, 2, 3)",YAHOOA4,1637.099015,0.7499999999999999,False,arima,1.0,0.6,A4Benchmark-TS95,OK
787,"(None, 0, 3, 6)",YAHOOA4,1533.061068,0.8,False,arima,1.0,0.6666666666666666,A4Benchmark-TS81,OK
788,"(None, 0, 6, 10)",YAHOOA4,1631.008122,0.7692307692307693,False,arima,1.0,0.625,A4Benchmark-TS56,OK
789,"(None, 0, 2, 2)",YAHOOA4,1617.239993,0.6666666666666666,False,arima,1.0,0.5,A4Benchmark-TS42,OK
790,"(None, 0, 5, 6)",YAHOOA4,1572.820363,0.7058823529411764,False,arima,1.0,0.5454545454545454,A4Benchmark-TS43,OK
791,"(None, 0, 1, 5)",YAHOOA4,1464.371231,0.9090909090909091,False,arima,1.0,0.8333333333333334,A4Benchmark-TS57,OK
792,"(None, 1, 10, 2)",YAHOOA4,1607.178437,0.26666666666666666,False,arima,0.6666666666666666,0.16666666666666666,A4Benchmark-TS80,OK
793,"(None, 0, 11, 2)",YAHOOA4,1676.824832,0.2666666666666667,False,arima,1.0,0.15384615384615385,A4Benchmark-TS94,OK
794,"(None, 0, 12, 3)",YAHOOA4,79.596971,0.33333333333333337,False,lstm_dynamic_threshold,1.0,0.2,A4Benchmark-TS99,OK
795,"(None, 0, 1, 4)",YAHOOA4,78.683537,0.888888888888889,False,lstm_dynamic_threshold,1.0,0.8,A4Benchmark-TS72,OK
796,"(None, 2, 1, 0)",YAHOOA4,75.270391,,False,lstm_dynamic_threshold,0.0,0.0,A4Benchmark-TS66,OK
797,"(None, 0, 4, 10)",YAHOOA4,73.811478,0.8333333333333333,False,lstm_dynamic_threshold,1.0,0.7142857142857143,A4Benchmark-TS67,OK
798,"(None, 0, 0, 5)",YAHOOA4,81.371802,1.0,False,lstm_dynamic_threshold,1.0,1.0,A4Benchmark-TS73,OK
799,"(None, 0, 6, 9)",YAHOOA4,80.91732,0.7499999999999999,False,lstm_dynamic_threshold,1.0,0.6,A4Benchmark-TS98,OK
800,"(None, 0, 8, 7)",YAHOOA4,71.300122,0.6363636363636364,False,lstm_dynamic_threshold,1.0,0.4666666666666667,A4Benchmark-TS65,OK
801,"(None, 1, 8, 2)",YAHOOA4,75.79281,0.30769230769230765,False,lstm_dynamic_threshold,0.6666666666666666,0.2,A4Benchmark-TS71,OK
802,"(None, 2, 0, 1)",YAHOOA4,72.056428,0.5,False,lstm_dynamic_threshold,0.3333333333333333,1.0,A4Benchmark-TS59,OK
803,"(None, 1, 5, 3)",YAHOOA4,82.694686,0.5,False,lstm_dynamic_threshold,0.75,0.375,A4Benchmark-TS58,OK
804,"(None, 0, 2, 2)",YAHOOA4,70.533068,0.6666666666666666,False,lstm_dynamic_threshold,1.0,0.5,A4Benchmark-TS70,OK
805,"(None, 2, 1, 4)",YAHOOA4,82.768295,0.7272727272727272,False,lstm_dynamic_threshold,0.6666666666666666,0.8,A4Benchmark-TS64,OK
806,"(None, 0, 8, 4)",YAHOOA4,75.928894,0.5,False,lstm_dynamic_threshold,1.0,0.3333333333333333,A4Benchmark-TS48,OK
807,"(None, 1, 1, 2)",YAHOOA4,81.432898,0.6666666666666666,False,lstm_dynamic_threshold,0.6666666666666666,0.6666666666666666,A4Benchmark-TS60,OK
808,"(None, 1, 0, 2)",YAHOOA4,79.647205,0.8,False,lstm_dynamic_threshold,0.6666666666666666,1.0,A4Benchmark-TS74,OK
809,"(None, 0, 8, 5)",YAHOOA4,78.622872,0.5555555555555556,False,lstm_dynamic_threshold,1.0,0.38461538461538464,A4Benchmark-TS75,OK
810,"(None, 0, 0, 3)",YAHOOA4,92.819038,1.0,False,lstm_dynamic_threshold,1.0,1.0,A4Benchmark-TS61,OK
811,"(None, 0, 1, 8)",YAHOOA4,80.550132,0.9411764705882353,False,lstm_dynamic_threshold,1.0,0.8888888888888888,A4Benchmark-TS49,OK
812,"(None, 0, 8, 5)",YAHOOA4,76.638318,0.5555555555555556,False,lstm_dynamic_threshold,1.0,0.38461538461538464,A4Benchmark-TS88,OK
813,"(None, 0, 9, 3)",YAHOOA4,70.169734,0.4,False,lstm_dynamic_threshold,1.0,0.25,A4Benchmark-TS77,OK
814,"(None, 1, 3, 4)",YAHOOA4,75.919435,0.6666666666666666,False,lstm_dynamic_threshold,0.8,0.5714285714285714,A4Benchmark-TS63,OK
815,"(None, 0, 11, 3)",YAHOOA4,71.460448,0.35294117647058826,False,lstm_dynamic_threshold,1.0,0.21428571428571427,A4Benchmark-TS62,OK
816,"(None, 0, 8, 3)",YAHOOA4,68.458062,0.42857142857142855,False,lstm_dynamic_threshold,1.0,0.2727272727272727,A4Benchmark-TS76,OK
817,"(None, 0, 4, 5)",YAHOOA4,82.191726,0.7142857142857143,False,lstm_dynamic_threshold,1.0,0.5555555555555556,A4Benchmark-TS89,OK
818,"(None, 1, 1, 4)",YAHOOA4,69.882405,0.8000000000000002,False,lstm_dynamic_threshold,0.8,0.8,A4Benchmark-TS11,OK
819,"(None, 0, 10, 6)",YAHOOA4,84.810087,0.5454545454545454,False,lstm_dynamic_threshold,1.0,0.375,A4Benchmark-TS39,OK
820,"(None, 0, 3, 6)",YAHOOA4,72.504486,0.8,False,lstm_dynamic_threshold,1.0,0.6666666666666666,A4Benchmark-TS38,OK
821,"(None, 0, 1, 3)",YAHOOA4,77.834991,0.8571428571428571,False,lstm_dynamic_threshold,1.0,0.75,A4Benchmark-TS10,OK
822,"(None, 0, 6, 7)",YAHOOA4,78.93118,0.7000000000000001,False,lstm_dynamic_threshold,1.0,0.5384615384615384,A4Benchmark-TS8,OK
823,"(None, 1, 1, 4)",YAHOOA4,85.652922,0.8000000000000002,False,lstm_dynamic_threshold,0.8,0.8,A4Benchmark-TS12,OK
824,"(None, 0, 7, 7)",YAHOOA4,77.25939,0.6666666666666666,False,lstm_dynamic_threshold,1.0,0.5,A4Benchmark-TS13,OK
825,"(None, 2, 1, 0)",YAHOOA4,79.36316,,False,lstm_dynamic_threshold,0.0,0.0,A4Benchmark-TS9,OK
826,"(None, 0, 3, 4)",YAHOOA4,74.488249,0.7272727272727273,False,lstm_dynamic_threshold,1.0,0.5714285714285714,A4Benchmark-TS100,OK
827,"(None, 0, 3, 7)",YAHOOA4,80.913123,0.8235294117647058,False,lstm_dynamic_threshold,1.0,0.7,A4Benchmark-TS17,OK
828,"(None, 1, 0, 1)",YAHOOA4,71.77454,0.6666666666666666,False,lstm_dynamic_threshold,0.5,1.0,A4Benchmark-TS16,OK
829,"(None, 0, 8, 4)",YAHOOA4,73.385802,0.5,False,lstm_dynamic_threshold,1.0,0.3333333333333333,A4Benchmark-TS28,OK
830,"(None, 0, 5, 6)",YAHOOA4,85.89173,0.7058823529411764,False,lstm_dynamic_threshold,1.0,0.5454545454545454,A4Benchmark-TS14,OK
831,"(None, 0, 6, 3)",YAHOOA4,77.35244,0.5,False,lstm_dynamic_threshold,1.0,0.3333333333333333,A4Benchmark-TS15,OK
832,"(None, 0, 10, 4)",YAHOOA4,74.144534,0.4444444444444445,False,lstm_dynamic_threshold,1.0,0.2857142857142857,A4Benchmark-TS29,OK
833,"(None, 0, 0, 5)",YAHOOA4,78.84117,1.0,False,lstm_dynamic_threshold,1.0,1.0,A4Benchmark-TS2,OK
834,"(None, 0, 0, 5)",YAHOOA4,73.815755,1.0,False,lstm_dynamic_threshold,1.0,1.0,A4Benchmark-TS30,OK
835,"(None, 2, 7, 2)",YAHOOA4,69.37909,0.30769230769230765,False,lstm_dynamic_threshold,0.5,0.2222222222222222,A4Benchmark-TS24,OK
836,"(None, 3, 0, 1)",YAHOOA4,84.487189,0.4,False,lstm_dynamic_threshold,0.25,1.0,A4Benchmark-TS18,OK
837,"(None, 0, 6, 6)",YAHOOA4,88.803317,0.6666666666666666,False,lstm_dynamic_threshold,1.0,0.5,A4Benchmark-TS19,OK
838,"(None, 1, 7, 4)",YAHOOA4,92.257146,0.5000000000000001,False,lstm_dynamic_threshold,0.8,0.36363636363636365,A4Benchmark-TS25,OK
839,"(None, 1, 4, 0)",YAHOOA4,81.568441,,False,lstm_dynamic_threshold,0.0,0.0,A4Benchmark-TS31,OK
840,"(None, 1, 3, 3)",YAHOOA4,71.897617,0.6,False,lstm_dynamic_threshold,0.75,0.5,A4Benchmark-TS3,OK
841,"(None, 0, 6, 7)",YAHOOA4,86.410378,0.7000000000000001,False,lstm_dynamic_threshold,1.0,0.5384615384615384,A4Benchmark-TS1,OK
842,"(None, 0, 11, 4)",YAHOOA4,74.769928,0.4210526315789474,False,lstm_dynamic_threshold,1.0,0.26666666666666666,A4Benchmark-TS27,OK
843,"(None, 2, 1, 3)",YAHOOA4,73.205461,0.6666666666666665,False,lstm_dynamic_threshold,0.6,0.75,A4Benchmark-TS33,OK
844,"(None, 0, 5, 6)",YAHOOA4,80.886704,0.7058823529411764,False,lstm_dynamic_threshold,1.0,0.5454545454545454,A4Benchmark-TS32,OK
845,"(None, 1, 0, 2)",YAHOOA4,88.055803,0.8,False,lstm_dynamic_threshold,0.6666666666666666,1.0,A4Benchmark-TS26,OK
846,"(None, 0, 3, 3)",YAHOOA4,72.992899,0.6666666666666666,False,lstm_dynamic_threshold,1.0,0.5,A4Benchmark-TS4,OK
847,"(None, 1, 7, 3)",YAHOOA4,73.131482,0.4285714285714285,False,lstm_dynamic_threshold,0.75,0.3,A4Benchmark-TS22,OK
848,"(None, 0, 6, 9)",YAHOOA4,87.957142,0.7499999999999999,False,lstm_dynamic_threshold,1.0,0.6,A4Benchmark-TS36,OK
849,"(None, 1, 0, 3)",YAHOOA4,77.62458,0.8571428571428571,False,lstm_dynamic_threshold,0.75,1.0,A4Benchmark-TS37,OK
850,"(None, 1, 0, 4)",YAHOOA4,77.953602,0.888888888888889,False,lstm_dynamic_threshold,0.8,1.0,A4Benchmark-TS23,OK
851,"(None, 1, 1, 5)",YAHOOA4,69.275406,0.8333333333333334,False,lstm_dynamic_threshold,0.8333333333333334,0.8333333333333334,A4Benchmark-TS5,OK
852,"(None, 1, 6, 8)",YAHOOA4,127.544971,0.6956521739130435,False,lstm_dynamic_threshold,0.8888888888888888,0.5714285714285714,A4Benchmark-TS7,OK
853,"(None, 2, 8, 4)",YAHOOA4,83.001531,0.4444444444444444,False,lstm_dynamic_threshold,0.6666666666666666,0.3333333333333333,A4Benchmark-TS35,OK
854,"(None, 0, 6, 7)",YAHOOA4,84.801053,0.7000000000000001,False,lstm_dynamic_threshold,1.0,0.5384615384615384,A4Benchmark-TS21,OK
855,"(None, 1, 9, 4)",YAHOOA4,106.003905,0.4444444444444444,False,lstm_dynamic_threshold,0.8,0.3076923076923077,A4Benchmark-TS20,OK
856,"(None, 0, 4, 4)",YAHOOA4,70.879668,0.6666666666666666,False,lstm_dynamic_threshold,1.0,0.5,A4Benchmark-TS34,OK
857,"(None, 0, 2, 6)",YAHOOA4,73.432239,0.8571428571428571,False,lstm_dynamic_threshold,1.0,0.75,A4Benchmark-TS6,OK
858,"(None, 0, 4, 8)",YAHOOA4,72.897951,0.8,False,lstm_dynamic_threshold,1.0,0.6666666666666666,A4Benchmark-TS90,OK
859,"(None, 2, 1, 2)",YAHOOA4,84.696961,0.5714285714285715,False,lstm_dynamic_threshold,0.5,0.6666666666666666,A4Benchmark-TS84,OK
860,"(None, 0, 0, 2)",YAHOOA4,80.176169,1.0,False,lstm_dynamic_threshold,1.0,1.0,A4Benchmark-TS53,OK
861,"(None, 1, 0, 1)",YAHOOA4,73.432022,0.6666666666666666,False,lstm_dynamic_threshold,0.5,1.0,A4Benchmark-TS47,OK
862,"(None, 0, 8, 1)",YAHOOA4,80.461297,0.19999999999999998,False,lstm_dynamic_threshold,1.0,0.1111111111111111,A4Benchmark-TS46,OK
863,"(None, 0, 4, 7)",YAHOOA4,91.415627,0.7777777777777778,False,lstm_dynamic_threshold,1.0,0.6363636363636364,A4Benchmark-TS52,OK
864,"(None, 0, 9, 7)",YAHOOA4,66.757458,0.6086956521739131,False,lstm_dynamic_threshold,1.0,0.4375,A4Benchmark-TS85,OK
865,"(None, 0, 7, 5)",YAHOOA4,88.772707,0.5882352941176471,False,lstm_dynamic_threshold,1.0,0.4166666666666667,A4Benchmark-TS91,OK
866,"(None, 0, 0, 1)",YAHOOA4,80.121169,1.0,False,lstm_dynamic_threshold,1.0,1.0,A4Benchmark-TS87,OK
867,"(None, 1, 2, 4)",YAHOOA4,77.915161,0.7272727272727272,False,lstm_dynamic_threshold,0.8,0.6666666666666666,A4Benchmark-TS93,OK
868,"(None, 0, 10, 6)",YAHOOA4,83.78447,0.5454545454545454,False,lstm_dynamic_threshold,1.0,0.375,A4Benchmark-TS44,OK
869,"(None, 0, 2, 5)",YAHOOA4,76.637314,0.8333333333333333,False,lstm_dynamic_threshold,1.0,0.7142857142857143,A4Benchmark-TS50,OK
870,"(None, 1, 7, 6)",YAHOOA4,84.128711,0.6,False,lstm_dynamic_threshold,0.8571428571428571,0.46153846153846156,A4Benchmark-TS78,OK
871,"(None, 1, 2, 1)",YAHOOA4,78.34106,0.4,False,lstm_dynamic_threshold,0.5,0.3333333333333333,A4Benchmark-TS79,OK
872,"(None, 0, 0, 1)",YAHOOA4,71.391111,1.0,False,lstm_dynamic_threshold,1.0,1.0,A4Benchmark-TS51,OK
873,"(None, 0, 0, 7)",YAHOOA4,82.865283,1.0,False,lstm_dynamic_threshold,1.0,1.0,A4Benchmark-TS45,OK
874,"(None, 0, 7, 8)",YAHOOA4,78.894501,0.6956521739130436,False,lstm_dynamic_threshold,1.0,0.5333333333333333,A4Benchmark-TS92,OK
875,"(None, 0, 7, 8)",YAHOOA4,80.849736,0.6956521739130436,False,lstm_dynamic_threshold,1.0,0.5333333333333333,A4Benchmark-TS86,OK
876,"(None, 0, 6, 8)",YAHOOA4,79.956463,0.7272727272727273,False,lstm_dynamic_threshold,1.0,0.5714285714285714,A4Benchmark-TS82,OK
877,"(None, 2, 1, 1)",YAHOOA4,74.117146,0.4,False,lstm_dynamic_threshold,0.3333333333333333,0.5,A4Benchmark-TS96,OK
878,"(None, 2, 1, 1)",YAHOOA4,78.078613,0.4,False,lstm_dynamic_threshold,0.3333333333333333,0.5,A4Benchmark-TS69,OK
879,"(None, 0, 10, 3)",YAHOOA4,72.797955,0.375,False,lstm_dynamic_threshold,1.0,0.23076923076923078,A4Benchmark-TS41,OK
880,"(None, 0, 1, 1)",YAHOOA4,68.557528,0.6666666666666666,False,lstm_dynamic_threshold,1.0,0.5,A4Benchmark-TS55,OK
881,"(None, 0, 0, 3)",YAHOOA4,79.554846,1.0,False,lstm_dynamic_threshold,1.0,1.0,A4Benchmark-TS54,OK
882,"(None, 1, 4, 2)",YAHOOA4,72.743321,0.4444444444444444,False,lstm_dynamic_threshold,0.6666666666666666,0.3333333333333333,A4Benchmark-TS40,OK
883,"(None, 0, 0, 1)",YAHOOA4,75.947064,1.0,False,lstm_dynamic_threshold,1.0,1.0,A4Benchmark-TS68,OK
884,"(None, 1, 9, 7)",YAHOOA4,95.506069,0.5833333333333334,False,lstm_dynamic_threshold,0.875,0.4375,A4Benchmark-TS97,OK
885,"(None, 1, 0, 3)",YAHOOA4,77.592958,0.8571428571428571,False,lstm_dynamic_threshold,0.75,1.0,A4Benchmark-TS83,OK
886,"(None, 1, 2, 3)",YAHOOA4,81.894445,0.6666666666666665,False,lstm_dynamic_threshold,0.75,0.6,A4Benchmark-TS95,OK
887,"(None, 0, 3, 6)",YAHOOA4,76.006041,0.8,False,lstm_dynamic_threshold,1.0,0.6666666666666666,A4Benchmark-TS81,OK
888,"(None, 0, 5, 11)",YAHOOA4,75.427546,0.8148148148148148,False,lstm_dynamic_threshold,1.0,0.6875,A4Benchmark-TS56,OK
889,"(None, 0, 2, 2)",YAHOOA4,100.41298,0.6666666666666666,False,lstm_dynamic_threshold,1.0,0.5,A4Benchmark-TS42,OK
890,"(None, 2, 8, 3)",YAHOOA4,69.525325,0.37499999999999994,False,lstm_dynamic_threshold,0.6,0.2727272727272727,A4Benchmark-TS43,OK
891,"(None, 0, 1, 5)",YAHOOA4,78.77321,0.9090909090909091,False,lstm_dynamic_threshold,1.0,0.8333333333333334,A4Benchmark-TS57,OK
892,"(None, 1, 9, 3)",YAHOOA4,79.184124,0.375,False,lstm_dynamic_threshold,0.75,0.25,A4Benchmark-TS80,OK
893,"(None, 0, 7, 6)",YAHOOA4,82.737077,0.631578947368421,False,lstm_dynamic_threshold,1.0,0.46153846153846156,A4Benchmark-TS94,OK
894,"(None, 1, 1, 0)",artificialWithAnomaly,1669.520674,,False,arima,0.0,0.0,art_daily_flatmiddle,OK
895,"(None, 1, 1, 0)",artificialWithAnomaly,1683.290008,,False,arima,0.0,0.0,art_daily_jumpsdown,OK
896,"(None, 1, 0, 1)",artificialWithAnomaly,1732.328085,0.6666666666666666,False,arima,0.5,1.0,art_daily_jumpsup,OK
897,"(None, 1, 1, 0)",artificialWithAnomaly,1690.185576,,False,arima,0.0,0.0,art_daily_nojump,OK
898,"(None, 1, 0, 1)",artificialWithAnomaly,1992.82144,0.6666666666666666,False,arima,0.5,1.0,art_increase_spike_density,OK
899,"(None, 0, 0, 1)",artificialWithAnomaly,1858.81513,1.0,False,arima,1.0,1.0,art_load_balancer_spikes,OK
900,"(None, 1, 1, 0)",artificialWithAnomaly,92.929833,,False,lstm_dynamic_threshold,0.0,0.0,art_daily_flatmiddle,OK
901,"(None, 1, 1, 0)",artificialWithAnomaly,86.349237,,False,lstm_dynamic_threshold,0.0,0.0,art_daily_jumpsdown,OK
902,"(None, 1, 0, 1)",artificialWithAnomaly,91.703836,0.6666666666666666,False,lstm_dynamic_threshold,0.5,1.0,art_daily_jumpsup,OK
903,"(None, 1, 1, 0)",artificialWithAnomaly,97.960197,,False,lstm_dynamic_threshold,0.0,0.0,art_daily_nojump,OK
904,"(None, 1, 0, 1)",artificialWithAnomaly,97.987338,0.6666666666666666,False,lstm_dynamic_threshold,0.5,1.0,art_increase_spike_density,OK
905,"(None, 1, 0, 1)",artificialWithAnomaly,75.382111,0.6666666666666666,False,lstm_dynamic_threshold,0.5,1.0,art_load_balancer_spikes,OK
906,"(None, 2, 1, 0)",realAdExchange,4619.464771,,False,arima,0.0,0.0,exchange-2_cpc_results,OK
907,"(None, 1, 2, 0)",realAdExchange,9497.392094,,False,arima,0.0,0.0,exchange-2_cpm_results,OK
908,"(None, 2, 0, 3)",realAdExchange,4434.901881,0.7499999999999999,False,arima,0.6,1.0,exchange-3_cpc_results,OK
909,"(None, 2, 0, 1)",realAdExchange,13352.502602,0.5,False,arima,0.3333333333333333,1.0,exchange-3_cpm_results,OK
910,"(None, 1, 1, 3)",realAdExchange,14191.362347,0.75,False,arima,0.75,0.75,exchange-4_cpm_results,OK
911,"(None, 2, 1, 0)",realAdExchange,321.384219,,False,lstm_dynamic_threshold,0.0,0.0,exchange-2_cpc_results,OK
912,"(None, 3, 2, 0)",realAdExchange,316.162857,,False,lstm_dynamic_threshold,0.0,0.0,exchange-2_cpm_results,OK
913,"(None, 2, 0, 3)",realAdExchange,167.493413,0.7499999999999999,False,lstm_dynamic_threshold,0.6,1.0,exchange-3_cpc_results,OK
914,"(None, 5, 0, 1)",realAdExchange,173.860975,0.2857142857142857,False,lstm_dynamic_threshold,0.16666666666666666,1.0,exchange-3_cpm_results,OK
915,"(None, 1, 1, 3)",realAdExchange,162.95171,0.75,False,lstm_dynamic_threshold,0.75,0.75,exchange-4_cpm_results,OK
916,"(None, 0, 1, 1)",realAWSCloudwatch,2003.983121,0.6666666666666666,False,arima,1.0,0.5,ec2_cpu_utilization_5f5533,OK
917,"(None, 10, 0, 2)",realAWSCloudwatch,1959.661755,0.2857142857142857,False,arima,0.16666666666666666,1.0,ec2_cpu_utilization_24ae8d,OK
918,"(None, 0, 0, 2)",realAWSCloudwatch,1760.939623,1.0,False,arima,1.0,1.0,ec2_cpu_utilization_53ea38,OK
919,0,realAWSCloudwatch,0.0,0.0,False,arima,0.0,0.0,ec2_cpu_utilization_77c1ca,ERROR
920,"(None, 0, 0, 1)",realAWSCloudwatch,2274.892491,1.0,False,arima,1.0,1.0,ec2_cpu_utilization_825cc2,OK
921,"(None, 1, 0, 1)",realAWSCloudwatch,2533.80934,0.6666666666666666,False,arima,0.5,1.0,ec2_cpu_utilization_ac20cd,OK
922,0,realAWSCloudwatch,0.0,0.0,False,arima,0.0,0.0,ec2_cpu_utilization_c6585a,ERROR
923,"(None, 0, 1, 2)",realAWSCloudwatch,1961.255267,0.8,False,arima,1.0,0.6666666666666666,ec2_cpu_utilization_fe7f93,OK
924,"(None, 0, 0, 1)",realAWSCloudwatch,2457.372591,1.0,False,arima,1.0,1.0,ec2_disk_write_bytes_1ef3de,OK
925,"(None, 1, 3, 0)",realAWSCloudwatch,1930.149706,,False,arima,0.0,0.0,ec2_disk_write_bytes_c0d644,OK
926,"(None, 0, 1, 1)",realAWSCloudwatch,2288.827845,0.6666666666666666,False,arima,1.0,0.5,ec2_network_in_5abac7,OK
927,"(None, 0, 0, 1)",realAWSCloudwatch,3222.560004,1.0,False,arima,1.0,1.0,ec2_network_in_257a54,OK
928,"(None, 0, 0, 2)",realAWSCloudwatch,1722.464405,1.0,False,arima,1.0,1.0,elb_request_count_8c0756,OK
929,"(None, 0, 2, 1)",realAWSCloudwatch,2478.378576,0.5,False,arima,1.0,0.3333333333333333,grok_asg_anomaly,OK
930,"(None, 1, 2, 0)",realAWSCloudwatch,477.688326,,False,arima,0.0,0.0,iio_us-east-1_i-a2eb1cd9_NetworkIn,OK
931,"(None, 0, 1, 1)",realAWSCloudwatch,2451.61255,0.6666666666666666,False,arima,1.0,0.5,rds_cpu_utilization_cc0c53,OK
932,"(None, 0, 1, 1)",realAWSCloudwatch,2715.321989,0.6666666666666666,False,arima,1.0,0.5,rds_cpu_utilization_e47b3b,OK
933,"(None, 0, 0, 2)",realAWSCloudwatch,75.249618,1.0,False,lstm_dynamic_threshold,1.0,1.0,ec2_cpu_utilization_5f5533,OK
934,"(None, 10, 1, 1)",realAWSCloudwatch,71.521482,0.15384615384615385,False,lstm_dynamic_threshold,0.09090909090909091,0.5,ec2_cpu_utilization_24ae8d,OK
935,"(None, 0, 1, 1)",realAWSCloudwatch,68.086047,0.6666666666666666,False,lstm_dynamic_threshold,1.0,0.5,ec2_cpu_utilization_53ea38,OK
936,"(None, 1, 0, 1)",realAWSCloudwatch,97.986674,0.6666666666666666,False,lstm_dynamic_threshold,0.5,1.0,ec2_cpu_utilization_77c1ca,OK
937,"(None, 3, 0, 1)",realAWSCloudwatch,73.063819,0.4,False,lstm_dynamic_threshold,0.25,1.0,ec2_cpu_utilization_825cc2,OK
938,"(None, 2, 1, 0)",realAWSCloudwatch,86.519805,,False,lstm_dynamic_threshold,0.0,0.0,ec2_cpu_utilization_ac20cd,OK
939,0,realAWSCloudwatch,0.0,0.0,False,lstm_dynamic_threshold,0.0,0.0,ec2_cpu_utilization_c6585a,ERROR
940,"(None, 0, 2, 1)",realAWSCloudwatch,72.848908,0.5,False,lstm_dynamic_threshold,1.0,0.3333333333333333,ec2_cpu_utilization_fe7f93,OK
941,"(None, 0, 0, 1)",realAWSCloudwatch,87.774568,1.0,False,lstm_dynamic_threshold,1.0,1.0,ec2_disk_write_bytes_1ef3de,OK
942,"(None, 1, 2, 1)",realAWSCloudwatch,85.864417,0.4,False,lstm_dynamic_threshold,0.5,0.3333333333333333,ec2_disk_write_bytes_c0d644,OK
943,"(None, 0, 1, 1)",realAWSCloudwatch,83.964479,0.6666666666666666,False,lstm_dynamic_threshold,1.0,0.5,ec2_network_in_5abac7,OK
944,"(None, 0, 0, 1)",realAWSCloudwatch,73.265423,1.0,False,lstm_dynamic_threshold,1.0,1.0,ec2_network_in_257a54,OK
945,"(None, 1, 0, 2)",realAWSCloudwatch,67.743101,0.8,False,lstm_dynamic_threshold,0.6666666666666666,1.0,elb_request_count_8c0756,OK
946,"(None, 0, 2, 1)",realAWSCloudwatch,74.846919,0.5,False,lstm_dynamic_threshold,1.0,0.3333333333333333,grok_asg_anomaly,OK
947,0,realAWSCloudwatch,0.0,0.0,False,lstm_dynamic_threshold,0.0,0.0,iio_us-east-1_i-a2eb1cd9_NetworkIn,ERROR
948,"(None, 0, 1, 1)",realAWSCloudwatch,73.672849,0.6666666666666666,False,lstm_dynamic_threshold,1.0,0.5,rds_cpu_utilization_cc0c53,OK
949,"(None, 1, 0, 2)",realAWSCloudwatch,72.290359,0.8,False,lstm_dynamic_threshold,0.6666666666666666,1.0,rds_cpu_utilization_e47b3b,OK
950,0,realTraffic,0.0,0.0,False,arima,0.0,0.0,occupancy_6005,ERROR
951,0,realTraffic,0.0,0.0,False,arima,0.0,0.0,occupancy_t4013,ERROR
952,0,realTraffic,0.0,0.0,False,arima,0.0,0.0,speed_6005,ERROR
953,"(None, 0, 1, 3)",realTraffic,1192.672419,0.8571428571428571,False,arima,1.0,0.75,speed_7578,OK
954,0,realTraffic,0.0,0.0,False,arima,0.0,0.0,speed_t4013,ERROR
955,"(None, 5, 1, 2)",realTraffic,8849.884214,0.4,False,arima,0.2857142857142857,0.6666666666666666,TravelTime_387,OK
956,"(None, 3, 0, 1)",realTraffic,9350.450878,0.4,False,arima,0.25,1.0,TravelTime_451,OK
957,"(None, 2, 0, 1)",realTraffic,97.873417,0.5,False,lstm_dynamic_threshold,0.3333333333333333,1.0,occupancy_6005,OK
958,"(None, 0, 0, 2)",realTraffic,105.669907,1.0,False,lstm_dynamic_threshold,1.0,1.0,occupancy_t4013,OK
959,"(None, 0, 0, 1)",realTraffic,98.308547,1.0,False,lstm_dynamic_threshold,1.0,1.0,speed_6005,OK
960,"(None, 1, 0, 4)",realTraffic,71.805267,0.888888888888889,False,lstm_dynamic_threshold,0.8,1.0,speed_7578,OK
961,"(None, 2, 0, 2)",realTraffic,99.860239,0.6666666666666666,False,lstm_dynamic_threshold,0.5,1.0,speed_t4013,OK
962,"(None, 5, 0, 3)",realTraffic,220.644036,0.5454545454545454,False,lstm_dynamic_threshold,0.375,1.0,TravelTime_387,OK
963,"(None, 1, 0, 1)",realTraffic,181.2458,0.6666666666666666,False,lstm_dynamic_threshold,0.5,1.0,TravelTime_451,OK
964,"(None, 2, 1, 3)",realTweets,12889.746888,0.6666666666666665,False,arima,0.6,0.75,Twitter_volume_AAPL,OK
965,"(None, 3, 1, 3)",realTweets,9439.764515,0.6,False,arima,0.5,0.75,Twitter_volume_AMZN,OK
966,"(None, 0, 1, 2)",realTweets,11327.391256,0.8,False,arima,1.0,0.6666666666666666,Twitter_volume_CRM,OK
967,"(None, 3, 0, 3)",realTweets,11049.867396,0.6666666666666666,False,arima,0.5,1.0,Twitter_volume_CVS,OK
968,"(None, 4, 0, 2)",realTweets,11514.088229,0.5,False,arima,0.3333333333333333,1.0,Twitter_volume_FB,OK
969,"(None, 4, 1, 2)",realTweets,9237.42928,0.4444444444444444,False,arima,0.3333333333333333,0.6666666666666666,Twitter_volume_GOOG,OK
970,"(None, 2, 1, 1)",realTweets,9774.54891,0.4,False,arima,0.3333333333333333,0.5,Twitter_volume_IBM,OK
971,"(None, 3, 1, 2)",realTweets,11457.756303,0.5,False,arima,0.4,0.6666666666666666,Twitter_volume_KO,OK
972,"(None, 0, 3, 1)",realTweets,8410.873905,0.4,False,arima,1.0,0.25,Twitter_volume_PFE,OK
973,"(None, 4, 4, 1)",realTweets,9369.05674,0.20000000000000004,False,arima,0.2,0.2,Twitter_volume_UPS,OK
974,"(None, 1, 2, 2)",realTweets,221.204114,0.5714285714285715,False,lstm_dynamic_threshold,0.6666666666666666,0.5,Twitter_volume_AAPL,OK
975,"(None, 2, 0, 4)",realTweets,202.328639,0.8,False,lstm_dynamic_threshold,0.6666666666666666,1.0,Twitter_volume_AMZN,OK
976,"(None, 1, 0, 3)",realTweets,183.10264,0.8571428571428571,False,lstm_dynamic_threshold,0.75,1.0,Twitter_volume_CRM,OK
977,"(None, 1, 0, 3)",realTweets,194.109591,0.8571428571428571,False,lstm_dynamic_threshold,0.75,1.0,Twitter_volume_CVS,OK
978,"(None, 2, 0, 2)",realTweets,177.124554,0.6666666666666666,False,lstm_dynamic_threshold,0.5,1.0,Twitter_volume_FB,OK
979,"(None, 2, 1, 2)",realTweets,192.243543,0.5714285714285715,False,lstm_dynamic_threshold,0.5,0.6666666666666666,Twitter_volume_GOOG,OK
980,"(None, 2, 0, 2)",realTweets,243.567508,0.6666666666666666,False,lstm_dynamic_threshold,0.5,1.0,Twitter_volume_IBM,OK
981,"(None, 2, 1, 2)",realTweets,175.940596,0.5714285714285715,False,lstm_dynamic_threshold,0.5,0.6666666666666666,Twitter_volume_KO,OK
982,"(None, 0, 2, 2)",realTweets,194.420575,0.6666666666666666,False,lstm_dynamic_threshold,1.0,0.5,Twitter_volume_PFE,OK
983,"(None, 3, 5, 0)",realTweets,393.20294,,False,lstm_dynamic_threshold,0.0,0.0,Twitter_volume_UPS,OK
